YIL,BÖLGE,SEPET
1908,AB,"['Barley', 'Flaxseed', 'Oats', 'Rye, all', 'Sugar beets', 'Tame hay', 'Wheat, all']"
1908,BC,"['Barley', 'Oats', 'Wheat, all']"
1908,CA,"['Barley', 'Beans, all dry (white and coloured)', 'Buckwheat', 'Corn for grain', 'Corn for silage', 'Flaxseed', 'Mixed grains', 'Oats', 'Peas, dry', 'Rye, all', 'Sugar beets', 'Tame hay', 'Wheat, all']"
1908,MA,"['Barley', 'Flaxseed', 'Oats', 'Peas, dry', 'Rye, all', 'Tame hay', 'Wheat, all']"
1908,MP,"['Barley', 'Mixed grains', 'Oats', 'Tame hay', 'Wheat, all']"
1908,NB,"['Barley', 'Beans, all dry (white and coloured)', 'Buckwheat', 'Corn for silage', 'Mixed grains', 'Oats', 'Peas, dry', 'Rye, all', 'Tame hay', 'Wheat, all']"
1908,NS,"['Barley', 'Beans, all dry (white and coloured)', 'Buckwheat', 'Corn for silage', 'Mixed grains', 'Oats', 'Peas, dry', 'Rye, all', 'Tame hay', 'Wheat, all']"
1908,ON,"['Barley', 'Beans, all dry (white and coloured)', 'Buckwheat', 'Corn for grain', 'Corn for silage', 'Mixed grains', 'Oats', 'Peas, dry', 'Rye, all', 'Sugar beets', 'Tame hay', 'Wheat, all', 'Wheat, spring', 'Wheat, winter remaining']"
1908,PEI,"['Barley', 'Buckwheat', 'Corn for silage', 'Mixed grains', 'Oats', 'Peas, dry', 'Tame hay', 'Wheat, all']"
1908,PP,"['Barley', 'Flaxseed', 'Oats', 'Peas, dry', 'Rye, all', 'Sugar beets', 'Tame hay', 'Wheat, all']"
1908,QU,"['Barley', 'Beans, all dry (white and coloured)', 'Buckwheat', 'Corn for grain', 'Corn for silage', 'Mixed grains', 'Oats', 'Peas, dry', 'Rye, all', 'Tame hay', 'Wheat, all']"
1908,SK,"['Barley', 'Flaxseed', 'Oats', 'Rye, all', 'Tame hay', 'Wheat, all']"
1909,AB,"['Barley', 'Flaxseed', 'Oats', 'Rye, all', 'Sugar beets', 'Tame hay', 'Wheat, all']"
1909,BC,"['Barley', 'Oats', 'Wheat, all']"
1909,CA,"['Barley', 'Beans, all dry (white and coloured)', 'Buckwheat', 'Corn for grain', 'Corn for silage', 'Flaxseed', 'Mixed grains', 'Oats', 'Peas, dry', 'Rye, all', 'Sugar beets', 'Tame hay', 'Wheat, all']"
1909,MA,"['Barley', 'Flaxseed', 'Oats', 'Peas, dry', 'Rye, all', 'Tame hay', 'Wheat, all']"
1909,MP,"['Barley', 'Mixed grains', 'Oats', 'Tame hay', 'Wheat, all']"
1909,NB,"['Barley', 'Beans, all dry (white and coloured)', 'Buckwheat', 'Corn for silage', 'Mixed grains', 'Oats', 'Peas, dry', 'Rye, all', 'Tame hay', 'Wheat, all']"
1909,NS,"['Barley', 'Beans, all dry (white and coloured)', 'Buckwheat', 'Corn for silage', 'Mixed grains', 'Oats', 'Peas, dry', 'Rye, all', 'Tame hay', 'Wheat, all']"
1909,ON,"['Barley', 'Beans, all dry (white and coloured)', 'Buckwheat', 'Corn for grain', 'Corn for silage', 'Mixed grains', 'Oats', 'Peas, dry', 'Rye, all', 'Sugar beets', 'Tame hay', 'Wheat, all', 'Wheat, spring', 'Wheat, winter remaining']"
1909,PEI,"['Barley', 'Buckwheat', 'Corn for silage', 'Mixed grains', 'Oats', 'Peas, dry', 'Tame hay', 'Wheat, all']"
1909,PP,"['Barley', 'Flaxseed', 'Oats', 'Peas, dry', 'Rye, all', 'Sugar beets', 'Tame hay', 'Wheat, all']"
1909,QU,"['Barley', 'Beans, all dry (white and coloured)', 'Buckwheat', 'Corn for grain', 'Corn for silage', 'Mixed grains', 'Oats', 'Peas, dry', 'Rye, all', 'Tame hay', 'Wheat, all']"
1909,SK,"['Barley', 'Flaxseed', 'Oats', 'Rye, all', 'Tame hay', 'Wheat, all']"
1910,AB,"['Barley', 'Corn for silage', 'Flaxseed', 'Mixed grains', 'Oats', 'Peas, dry', 'Rye, all', 'Sugar beets', 'Tame hay', 'Wheat, all']"
1910,BC,"['Barley', 'Beans, all dry (white and coloured)', 'Corn for silage', 'Mixed grains', 'Oats', 'Peas, dry', 'Rye, all', 'Tame hay', 'Wheat, all']"
1910,CA,"['Barley', 'Beans, all dry (white and coloured)', 'Buckwheat', 'Corn for grain', 'Corn for silage', 'Flaxseed', 'Mixed grains', 'Oats', 'Peas, dry', 'Rye, all', 'Sugar beets', 'Tame hay', 'Wheat, all']"
1910,MA,"['Barley', 'Corn for silage', 'Flaxseed', 'Mixed grains', 'Oats', 'Peas, dry', 'Rye, all', 'Tame hay', 'Wheat, all']"
1910,MP,"['Barley', 'Mixed grains', 'Oats', 'Tame hay', 'Wheat, all']"
1910,NB,"['Barley', 'Beans, all dry (white and coloured)', 'Buckwheat', 'Corn for silage', 'Mixed grains', 'Oats', 'Peas, dry', 'Rye, all', 'Tame hay', 'Wheat, all']"
1910,NS,"['Barley', 'Beans, all dry (white and coloured)', 'Buckwheat', 'Corn for silage', 'Mixed grains', 'Oats', 'Peas, dry', 'Rye, all', 'Tame hay', 'Wheat, all']"
1910,ON,"['Barley', 'Beans, all dry (white and coloured)', 'Buckwheat', 'Corn for grain', 'Corn for silage', 'Flaxseed', 'Mixed grains', 'Oats', 'Peas, dry', 'Rye, all', 'Sugar beets', 'Tame hay', 'Wheat, all', 'Wheat, spring', 'Wheat, winter remaining']"
1910,PEI,"['Barley', 'Buckwheat', 'Corn for silage', 'Mixed grains', 'Oats', 'Peas, dry', 'Tame hay', 'Wheat, all']"
1910,PP,"['Barley', 'Corn for silage', 'Flaxseed', 'Mixed grains', 'Oats', 'Peas, dry', 'Rye, all', 'Sugar beets', 'Tame hay', 'Wheat, all']"
1910,QU,"['Barley', 'Beans, all dry (white and coloured)', 'Buckwheat', 'Corn for grain', 'Corn for silage', 'Flaxseed', 'Mixed grains', 'Oats', 'Peas, dry', 'Rye, all', 'Tame hay', 'Wheat, all']"
1910,SK,"['Barley', 'Corn for silage', 'Flaxseed', 'Mixed grains', 'Oats', 'Peas, dry', 'Rye, all', 'Tame hay', 'Wheat, all']"
1911,AB,"['Barley', 'Corn for silage', 'Flaxseed', 'Mixed grains', 'Oats', 'Peas, dry', 'Rye, all', 'Sugar beets', 'Tame hay', 'Wheat, all']"
1911,BC,"['Barley', 'Beans, all dry (white and coloured)', 'Corn for silage', 'Mixed grains', 'Oats', 'Peas, dry', 'Rye, all', 'Tame hay', 'Wheat, all']"
1911,CA,"['Barley', 'Beans, all dry (white and coloured)', 'Buckwheat', 'Corn for grain', 'Corn for silage', 'Flaxseed', 'Mixed grains', 'Oats', 'Peas, dry', 'Rye, all', 'Sugar beets', 'Tame hay', 'Wheat, all']"
1911,MA,"['Barley', 'Corn for silage', 'Flaxseed', 'Mixed grains', 'Oats', 'Peas, dry', 'Rye, all', 'Tame hay', 'Wheat, all']"
1911,MP,"['Barley', 'Mixed grains', 'Oats', 'Tame hay', 'Wheat, all']"
1911,NB,"['Barley', 'Beans, all dry (white and coloured)', 'Buckwheat', 'Corn for silage', 'Mixed grains', 'Oats', 'Peas, dry', 'Rye, all', 'Tame hay', 'Wheat, all']"
1911,NS,"['Barley', 'Beans, all dry (white and coloured)', 'Buckwheat', 'Corn for silage', 'Mixed grains', 'Oats', 'Peas, dry', 'Rye, all', 'Tame hay', 'Wheat, all']"
1911,ON,"['Barley', 'Beans, all dry (white and coloured)', 'Buckwheat', 'Corn for grain', 'Corn for silage', 'Flaxseed', 'Mixed grains', 'Oats', 'Peas, dry', 'Rye, all', 'Sugar beets', 'Tame hay', 'Wheat, all', 'Wheat, spring', 'Wheat, winter remaining']"
1911,PEI,"['Barley', 'Buckwheat', 'Corn for silage', 'Mixed grains', 'Oats', 'Peas, dry', 'Tame hay', 'Wheat, all']"
1911,PP,"['Barley', 'Corn for silage', 'Flaxseed', 'Mixed grains', 'Oats', 'Peas, dry', 'Rye, all', 'Sugar beets', 'Tame hay', 'Wheat, all']"
1911,QU,"['Barley', 'Beans, all dry (white and coloured)', 'Buckwheat', 'Corn for grain', 'Corn for silage', 'Flaxseed', 'Mixed grains', 'Oats', 'Peas, dry', 'Rye, all', 'Tame hay', 'Wheat, all']"
1911,SK,"['Barley', 'Corn for silage', 'Flaxseed', 'Mixed grains', 'Oats', 'Peas, dry', 'Rye, all', 'Tame hay', 'Wheat, all']"
1912,AB,"['Barley', 'Corn for silage', 'Flaxseed', 'Mixed grains', 'Oats', 'Peas, dry', 'Rye, all', 'Sugar beets', 'Tame hay', 'Wheat, all']"
1912,BC,"['Barley', 'Beans, all dry (white and coloured)', 'Corn for silage', 'Mixed grains', 'Oats', 'Peas, dry', 'Rye, all', 'Tame hay', 'Wheat, all']"
1912,CA,"['Barley', 'Beans, all dry (white and coloured)', 'Buckwheat', 'Corn for grain', 'Corn for silage', 'Flaxseed', 'Mixed grains', 'Oats', 'Peas, dry', 'Rye, all', 'Sugar beets', 'Tame hay', 'Wheat, all']"
1912,MA,"['Barley', 'Corn for silage', 'Flaxseed', 'Mixed grains', 'Oats', 'Peas, dry', 'Rye, all', 'Tame hay', 'Wheat, all']"
1912,MP,"['Barley', 'Mixed grains', 'Oats', 'Tame hay', 'Wheat, all']"
1912,NB,"['Barley', 'Beans, all dry (white and coloured)', 'Buckwheat', 'Corn for silage', 'Mixed grains', 'Oats', 'Peas, dry', 'Rye, all', 'Tame hay', 'Wheat, all']"
1912,NS,"['Barley', 'Beans, all dry (white and coloured)', 'Buckwheat', 'Corn for silage', 'Mixed grains', 'Oats', 'Peas, dry', 'Rye, all', 'Tame hay', 'Wheat, all']"
1912,ON,"['Barley', 'Beans, all dry (white and coloured)', 'Buckwheat', 'Corn for grain', 'Corn for silage', 'Flaxseed', 'Mixed grains', 'Oats', 'Peas, dry', 'Rye, all', 'Sugar beets', 'Tame hay', 'Wheat, all', 'Wheat, spring', 'Wheat, winter remaining']"
1912,PEI,"['Barley', 'Buckwheat', 'Corn for silage', 'Mixed grains', 'Oats', 'Peas, dry', 'Tame hay', 'Wheat, all']"
1912,PP,"['Barley', 'Corn for silage', 'Flaxseed', 'Mixed grains', 'Oats', 'Peas, dry', 'Rye, all', 'Sugar beets', 'Tame hay', 'Wheat, all']"
1912,QU,"['Barley', 'Beans, all dry (white and coloured)', 'Buckwheat', 'Corn for grain', 'Corn for silage', 'Flaxseed', 'Mixed grains', 'Oats', 'Peas, dry', 'Rye, all', 'Tame hay', 'Wheat, all']"
1912,SK,"['Barley', 'Corn for silage', 'Flaxseed', 'Mixed grains', 'Oats', 'Peas, dry', 'Rye, all', 'Tame hay', 'Wheat, all']"
1913,AB,"['Barley', 'Corn for silage', 'Flaxseed', 'Mixed grains', 'Oats', 'Peas, dry', 'Rye, all', 'Sugar beets', 'Tame hay', 'Wheat, all']"
1913,BC,"['Barley', 'Beans, all dry (white and coloured)', 'Corn for silage', 'Mixed grains', 'Oats', 'Peas, dry', 'Rye, all', 'Tame hay', 'Wheat, all']"
1913,CA,"['Barley', 'Beans, all dry (white and coloured)', 'Buckwheat', 'Corn for grain', 'Corn for silage', 'Flaxseed', 'Mixed grains', 'Oats', 'Peas, dry', 'Rye, all', 'Sugar beets', 'Tame hay', 'Wheat, all']"
1913,MA,"['Barley', 'Corn for silage', 'Flaxseed', 'Mixed grains', 'Oats', 'Peas, dry', 'Rye, all', 'Tame hay', 'Wheat, all']"
1913,MP,"['Barley', 'Mixed grains', 'Oats', 'Tame hay', 'Wheat, all']"
1913,NB,"['Barley', 'Beans, all dry (white and coloured)', 'Buckwheat', 'Corn for silage', 'Mixed grains', 'Oats', 'Peas, dry', 'Rye, all', 'Tame hay', 'Wheat, all']"
1913,NS,"['Barley', 'Beans, all dry (white and coloured)', 'Buckwheat', 'Corn for silage', 'Mixed grains', 'Oats', 'Peas, dry', 'Rye, all', 'Tame hay', 'Wheat, all']"
1913,ON,"['Barley', 'Beans, all dry (white and coloured)', 'Buckwheat', 'Corn for grain', 'Corn for silage', 'Flaxseed', 'Mixed grains', 'Oats', 'Peas, dry', 'Rye, all', 'Sugar beets', 'Tame hay', 'Wheat, all', 'Wheat, spring', 'Wheat, winter remaining']"
1913,PEI,"['Barley', 'Buckwheat', 'Corn for silage', 'Mixed grains', 'Oats', 'Peas, dry', 'Tame hay', 'Wheat, all']"
1913,PP,"['Barley', 'Corn for silage', 'Flaxseed', 'Mixed grains', 'Oats', 'Peas, dry', 'Rye, all', 'Sugar beets', 'Tame hay', 'Wheat, all']"
1913,QU,"['Barley', 'Beans, all dry (white and coloured)', 'Buckwheat', 'Corn for grain', 'Corn for silage', 'Flaxseed', 'Mixed grains', 'Oats', 'Peas, dry', 'Rye, all', 'Tame hay', 'Wheat, all']"
1913,SK,"['Barley', 'Corn for silage', 'Flaxseed', 'Mixed grains', 'Oats', 'Peas, dry', 'Rye, all', 'Tame hay', 'Wheat, all']"
1914,AB,"['Barley', 'Corn for silage', 'Flaxseed', 'Mixed grains', 'Oats', 'Peas, dry', 'Rye, all', 'Sugar beets', 'Tame hay', 'Wheat, all']"
1914,BC,"['Barley', 'Beans, all dry (white and coloured)', 'Corn for silage', 'Mixed grains', 'Oats', 'Peas, dry', 'Rye, all', 'Tame hay', 'Wheat, all']"
1914,CA,"['Barley', 'Beans, all dry (white and coloured)', 'Buckwheat', 'Corn for grain', 'Corn for silage', 'Flaxseed', 'Mixed grains', 'Oats', 'Peas, dry', 'Rye, all', 'Sugar beets', 'Tame hay', 'Wheat, all']"
1914,MA,"['Barley', 'Corn for silage', 'Flaxseed', 'Mixed grains', 'Oats', 'Peas, dry', 'Rye, all', 'Tame hay', 'Wheat, all']"
1914,MP,"['Barley', 'Mixed grains', 'Oats', 'Tame hay', 'Wheat, all']"
1914,NB,"['Barley', 'Beans, all dry (white and coloured)', 'Buckwheat', 'Corn for silage', 'Mixed grains', 'Oats', 'Peas, dry', 'Rye, all', 'Tame hay', 'Wheat, all']"
1914,NS,"['Barley', 'Beans, all dry (white and coloured)', 'Buckwheat', 'Corn for silage', 'Mixed grains', 'Oats', 'Peas, dry', 'Rye, all', 'Tame hay', 'Wheat, all']"
1914,ON,"['Barley', 'Beans, all dry (white and coloured)', 'Buckwheat', 'Corn for grain', 'Corn for silage', 'Flaxseed', 'Mixed grains', 'Oats', 'Peas, dry', 'Rye, all', 'Sugar beets', 'Tame hay', 'Wheat, all', 'Wheat, spring', 'Wheat, winter remaining']"
1914,PEI,"['Barley', 'Buckwheat', 'Corn for silage', 'Mixed grains', 'Oats', 'Peas, dry', 'Tame hay', 'Wheat, all']"
1914,PP,"['Barley', 'Corn for silage', 'Flaxseed', 'Mixed grains', 'Oats', 'Peas, dry', 'Rye, all', 'Sugar beets', 'Tame hay', 'Wheat, all']"
1914,QU,"['Barley', 'Beans, all dry (white and coloured)', 'Buckwheat', 'Corn for grain', 'Corn for silage', 'Flaxseed', 'Mixed grains', 'Oats', 'Peas, dry', 'Rye, all', 'Tame hay', 'Wheat, all']"
1914,SK,"['Barley', 'Corn for silage', 'Flaxseed', 'Mixed grains', 'Oats', 'Peas, dry', 'Rye, all', 'Tame hay', 'Wheat, all']"
1915,AB,"['Barley', 'Corn for silage', 'Flaxseed', 'Mixed grains', 'Oats', 'Peas, dry', 'Rye, all', 'Sugar beets', 'Tame hay', 'Wheat, all']"
1915,BC,"['Barley', 'Beans, all dry (white and coloured)', 'Corn for silage', 'Mixed grains', 'Oats', 'Peas, dry', 'Rye, all', 'Tame hay', 'Wheat, all']"
1915,CA,"['Barley', 'Beans, all dry (white and coloured)', 'Buckwheat', 'Corn for grain', 'Corn for silage', 'Flaxseed', 'Mixed grains', 'Oats', 'Peas, dry', 'Rye, all', 'Sugar beets', 'Tame hay', 'Wheat, all']"
1915,MA,"['Barley', 'Corn for silage', 'Flaxseed', 'Mixed grains', 'Oats', 'Peas, dry', 'Rye, all', 'Tame hay', 'Wheat, all']"
1915,MP,"['Barley', 'Mixed grains', 'Oats', 'Tame hay', 'Wheat, all']"
1915,NB,"['Barley', 'Beans, all dry (white and coloured)', 'Buckwheat', 'Corn for silage', 'Mixed grains', 'Oats', 'Peas, dry', 'Rye, all', 'Tame hay', 'Wheat, all']"
1915,NS,"['Barley', 'Beans, all dry (white and coloured)', 'Buckwheat', 'Corn for silage', 'Mixed grains', 'Oats', 'Peas, dry', 'Rye, all', 'Tame hay', 'Wheat, all']"
1915,ON,"['Barley', 'Beans, all dry (white and coloured)', 'Buckwheat', 'Corn for grain', 'Corn for silage', 'Flaxseed', 'Mixed grains', 'Oats', 'Peas, dry', 'Rye, all', 'Sugar beets', 'Tame hay', 'Wheat, all', 'Wheat, spring', 'Wheat, winter remaining']"
1915,PEI,"['Barley', 'Buckwheat', 'Corn for silage', 'Mixed grains', 'Oats', 'Peas, dry', 'Tame hay', 'Wheat, all']"
1915,PP,"['Barley', 'Corn for silage', 'Flaxseed', 'Mixed grains', 'Oats', 'Peas, dry', 'Rye, all', 'Sugar beets', 'Tame hay', 'Wheat, all']"
1915,QU,"['Barley', 'Beans, all dry (white and coloured)', 'Buckwheat', 'Corn for grain', 'Corn for silage', 'Flaxseed', 'Mixed grains', 'Oats', 'Peas, dry', 'Rye, all', 'Tame hay', 'Wheat, all']"
1915,SK,"['Barley', 'Corn for silage', 'Flaxseed', 'Mixed grains', 'Oats', 'Peas, dry', 'Rye, all', 'Tame hay', 'Wheat, all']"
1916,AB,"['Barley', 'Corn for silage', 'Flaxseed', 'Mixed grains', 'Oats', 'Peas, dry', 'Rye, all', 'Sugar beets', 'Tame hay', 'Wheat, all']"
1916,BC,"['Barley', 'Beans, all dry (white and coloured)', 'Corn for silage', 'Mixed grains', 'Oats', 'Peas, dry', 'Rye, all', 'Tame hay', 'Wheat, all']"
1916,CA,"['Barley', 'Beans, all dry (white and coloured)', 'Buckwheat', 'Corn for grain', 'Corn for silage', 'Flaxseed', 'Mixed grains', 'Oats', 'Peas, dry', 'Rye, all', 'Sugar beets', 'Tame hay', 'Wheat, all']"
1916,MA,"['Barley', 'Corn for silage', 'Flaxseed', 'Mixed grains', 'Oats', 'Peas, dry', 'Rye, all', 'Tame hay', 'Wheat, all']"
1916,MP,"['Barley', 'Mixed grains', 'Oats', 'Tame hay', 'Wheat, all']"
1916,NB,"['Barley', 'Beans, all dry (white and coloured)', 'Buckwheat', 'Corn for silage', 'Mixed grains', 'Oats', 'Peas, dry', 'Rye, all', 'Tame hay', 'Wheat, all']"
1916,NS,"['Barley', 'Beans, all dry (white and coloured)', 'Buckwheat', 'Corn for silage', 'Mixed grains', 'Oats', 'Peas, dry', 'Rye, all', 'Tame hay', 'Wheat, all']"
1916,ON,"['Barley', 'Beans, all dry (white and coloured)', 'Buckwheat', 'Corn for grain', 'Corn for silage', 'Flaxseed', 'Mixed grains', 'Oats', 'Peas, dry', 'Rye, all', 'Sugar beets', 'Tame hay', 'Wheat, all', 'Wheat, spring', 'Wheat, winter remaining']"
1916,PEI,"['Barley', 'Buckwheat', 'Corn for silage', 'Mixed grains', 'Oats', 'Peas, dry', 'Tame hay', 'Wheat, all']"
1916,PP,"['Barley', 'Corn for silage', 'Flaxseed', 'Mixed grains', 'Oats', 'Peas, dry', 'Rye, all', 'Sugar beets', 'Tame hay', 'Wheat, all']"
1916,QU,"['Barley', 'Beans, all dry (white and coloured)', 'Buckwheat', 'Corn for grain', 'Corn for silage', 'Flaxseed', 'Mixed grains', 'Oats', 'Peas, dry', 'Rye, all', 'Tame hay', 'Wheat, all']"
1916,SK,"['Barley', 'Corn for silage', 'Flaxseed', 'Mixed grains', 'Oats', 'Peas, dry', 'Rye, all', 'Tame hay', 'Wheat, all']"
1917,AB,"['Barley', 'Corn for silage', 'Flaxseed', 'Mixed grains', 'Oats', 'Peas, dry', 'Rye, all', 'Sugar beets', 'Tame hay', 'Wheat, all']"
1917,BC,"['Barley', 'Beans, all dry (white and coloured)', 'Corn for silage', 'Mixed grains', 'Oats', 'Peas, dry', 'Rye, all', 'Tame hay', 'Wheat, all']"
1917,CA,"['Barley', 'Beans, all dry (white and coloured)', 'Buckwheat', 'Corn for grain', 'Corn for silage', 'Flaxseed', 'Mixed grains', 'Oats', 'Peas, dry', 'Rye, all', 'Sugar beets', 'Tame hay', 'Wheat, all']"
1917,MA,"['Barley', 'Corn for silage', 'Flaxseed', 'Mixed grains', 'Oats', 'Peas, dry', 'Rye, all', 'Tame hay', 'Wheat, all']"
1917,MP,"['Barley', 'Mixed grains', 'Oats', 'Tame hay', 'Wheat, all']"
1917,NB,"['Barley', 'Beans, all dry (white and coloured)', 'Buckwheat', 'Corn for silage', 'Mixed grains', 'Oats', 'Peas, dry', 'Rye, all', 'Tame hay', 'Wheat, all']"
1917,NS,"['Barley', 'Beans, all dry (white and coloured)', 'Buckwheat', 'Corn for silage', 'Mixed grains', 'Oats', 'Peas, dry', 'Rye, all', 'Tame hay', 'Wheat, all']"
1917,ON,"['Barley', 'Beans, all dry (white and coloured)', 'Buckwheat', 'Corn for grain', 'Corn for silage', 'Flaxseed', 'Mixed grains', 'Oats', 'Peas, dry', 'Rye, all', 'Sugar beets', 'Tame hay', 'Wheat, all', 'Wheat, spring', 'Wheat, winter remaining']"
1917,PEI,"['Barley', 'Buckwheat', 'Corn for silage', 'Mixed grains', 'Oats', 'Peas, dry', 'Tame hay', 'Wheat, all']"
1917,PP,"['Barley', 'Corn for silage', 'Flaxseed', 'Mixed grains', 'Oats', 'Peas, dry', 'Rye, all', 'Sugar beets', 'Tame hay', 'Wheat, all']"
1917,QU,"['Barley', 'Beans, all dry (white and coloured)', 'Buckwheat', 'Corn for grain', 'Corn for silage', 'Flaxseed', 'Mixed grains', 'Oats', 'Peas, dry', 'Rye, all', 'Tame hay', 'Wheat, all']"
1917,SK,"['Barley', 'Corn for silage', 'Flaxseed', 'Mixed grains', 'Oats', 'Peas, dry', 'Rye, all', 'Tame hay', 'Wheat, all']"
1918,AB,"['Barley', 'Beans, all dry (white and coloured)', 'Corn for silage', 'Flaxseed', 'Mixed grains', 'Oats', 'Peas, dry', 'Rye, all', 'Sugar beets', 'Tame hay', 'Wheat, all']"
1918,BC,"['Barley', 'Beans, all dry (white and coloured)', 'Corn for silage', 'Mixed grains', 'Oats', 'Peas, dry', 'Rye, all', 'Tame hay', 'Wheat, all']"
1918,CA,"['Barley', 'Beans, all dry (white and coloured)', 'Buckwheat', 'Corn for grain', 'Corn for silage', 'Flaxseed', 'Mixed grains', 'Oats', 'Peas, dry', 'Rye, all', 'Sugar beets', 'Tame hay', 'Wheat, all']"
1918,MA,"['Barley', 'Corn for silage', 'Flaxseed', 'Mixed grains', 'Oats', 'Peas, dry', 'Rye, all', 'Tame hay', 'Wheat, all']"
1918,MP,"['Barley', 'Mixed grains', 'Oats', 'Tame hay', 'Wheat, all']"
1918,NB,"['Barley', 'Beans, all dry (white and coloured)', 'Buckwheat', 'Corn for silage', 'Mixed grains', 'Oats', 'Peas, dry', 'Rye, all', 'Tame hay', 'Wheat, all']"
1918,NS,"['Barley', 'Beans, all dry (white and coloured)', 'Buckwheat', 'Corn for silage', 'Mixed grains', 'Oats', 'Peas, dry', 'Rye, all', 'Tame hay', 'Wheat, all']"
1918,ON,"['Barley', 'Beans, all dry (white and coloured)', 'Buckwheat', 'Corn for grain', 'Corn for silage', 'Flaxseed', 'Mixed grains', 'Oats', 'Peas, dry', 'Rye, all', 'Sugar beets', 'Tame hay', 'Wheat, all', 'Wheat, spring', 'Wheat, winter remaining']"
1918,PEI,"['Barley', 'Buckwheat', 'Corn for silage', 'Mixed grains', 'Oats', 'Peas, dry', 'Tame hay', 'Wheat, all']"
1918,PP,"['Barley', 'Corn for silage', 'Flaxseed', 'Mixed grains', 'Oats', 'Peas, dry', 'Rye, all', 'Sugar beets', 'Tame hay', 'Wheat, all']"
1918,QU,"['Barley', 'Beans, all dry (white and coloured)', 'Buckwheat', 'Corn for grain', 'Corn for silage', 'Flaxseed', 'Mixed grains', 'Oats', 'Peas, dry', 'Rye, all', 'Tame hay', 'Wheat, all']"
1918,SK,"['Barley', 'Beans, all dry (white and coloured)', 'Corn for silage', 'Flaxseed', 'Mixed grains', 'Oats', 'Peas, dry', 'Rye, all', 'Tame hay', 'Wheat, all']"
1919,AB,"['Barley', 'Beans, all dry (white and coloured)', 'Corn for silage', 'Flaxseed', 'Mixed grains', 'Oats', 'Peas, dry', 'Rye, all', 'Sugar beets', 'Tame hay', 'Wheat, all']"
1919,BC,"['Barley', 'Beans, all dry (white and coloured)', 'Corn for silage', 'Mixed grains', 'Oats', 'Peas, dry', 'Rye, all', 'Tame hay', 'Wheat, all']"
1919,CA,"['Barley', 'Beans, all dry (white and coloured)', 'Buckwheat', 'Corn for grain', 'Corn for silage', 'Flaxseed', 'Mixed grains', 'Oats', 'Peas, dry', 'Rye, all', 'Sugar beets', 'Tame hay', 'Wheat, all']"
1919,MA,"['Barley', 'Corn for silage', 'Flaxseed', 'Mixed grains', 'Oats', 'Peas, dry', 'Rye, all', 'Tame hay', 'Wheat, all']"
1919,MP,"['Barley', 'Mixed grains', 'Oats', 'Tame hay', 'Wheat, all']"
1919,NB,"['Barley', 'Beans, all dry (white and coloured)', 'Buckwheat', 'Corn for silage', 'Mixed grains', 'Oats', 'Peas, dry', 'Rye, all', 'Tame hay', 'Wheat, all']"
1919,NS,"['Barley', 'Beans, all dry (white and coloured)', 'Buckwheat', 'Corn for silage', 'Mixed grains', 'Oats', 'Peas, dry', 'Rye, all', 'Tame hay', 'Wheat, all']"
1919,ON,"['Barley', 'Beans, all dry (white and coloured)', 'Buckwheat', 'Corn for grain', 'Corn for silage', 'Flaxseed', 'Mixed grains', 'Oats', 'Peas, dry', 'Rye, all', 'Sugar beets', 'Tame hay', 'Wheat, all', 'Wheat, spring', 'Wheat, winter remaining']"
1919,PEI,"['Barley', 'Buckwheat', 'Corn for silage', 'Mixed grains', 'Oats', 'Peas, dry', 'Tame hay', 'Wheat, all']"
1919,PP,"['Barley', 'Corn for silage', 'Flaxseed', 'Mixed grains', 'Oats', 'Peas, dry', 'Rye, all', 'Sugar beets', 'Tame hay', 'Wheat, all']"
1919,QU,"['Barley', 'Beans, all dry (white and coloured)', 'Buckwheat', 'Corn for grain', 'Corn for silage', 'Flaxseed', 'Mixed grains', 'Oats', 'Peas, dry', 'Rye, all', 'Tame hay', 'Wheat, all']"
1919,SK,"['Barley', 'Beans, all dry (white and coloured)', 'Corn for silage', 'Flaxseed', 'Mixed grains', 'Oats', 'Peas, dry', 'Rye, all', 'Tame hay', 'Wheat, all']"
1920,AB,"['Barley', 'Beans, all dry (white and coloured)', 'Corn for silage', 'Flaxseed', 'Mixed grains', 'Oats', 'Peas, dry', 'Rye, all', 'Sugar beets', 'Tame hay', 'Wheat, all']"
1920,BC,"['Barley', 'Beans, all dry (white and coloured)', 'Corn for silage', 'Mixed grains', 'Oats', 'Peas, dry', 'Rye, all', 'Tame hay', 'Wheat, all']"
1920,CA,"['Barley', 'Beans, all dry (white and coloured)', 'Buckwheat', 'Corn for grain', 'Corn for silage', 'Flaxseed', 'Mixed grains', 'Oats', 'Peas, dry', 'Rye, all', 'Sugar beets', 'Tame hay', 'Wheat, all']"
1920,MA,"['Barley', 'Corn for silage', 'Flaxseed', 'Mixed grains', 'Oats', 'Peas, dry', 'Rye, all', 'Tame hay', 'Wheat, all']"
1920,MP,"['Barley', 'Mixed grains', 'Oats', 'Tame hay', 'Wheat, all']"
1920,NB,"['Barley', 'Beans, all dry (white and coloured)', 'Buckwheat', 'Corn for silage', 'Mixed grains', 'Oats', 'Peas, dry', 'Rye, all', 'Tame hay', 'Wheat, all']"
1920,NS,"['Barley', 'Beans, all dry (white and coloured)', 'Buckwheat', 'Corn for silage', 'Mixed grains', 'Oats', 'Peas, dry', 'Rye, all', 'Tame hay', 'Wheat, all']"
1920,ON,"['Barley', 'Beans, all dry (white and coloured)', 'Buckwheat', 'Corn for grain', 'Corn for silage', 'Flaxseed', 'Mixed grains', 'Oats', 'Peas, dry', 'Rye, all', 'Sugar beets', 'Tame hay', 'Wheat, all', 'Wheat, spring', 'Wheat, winter remaining']"
1920,PEI,"['Barley', 'Buckwheat', 'Corn for silage', 'Mixed grains', 'Oats', 'Peas, dry', 'Tame hay', 'Wheat, all']"
1920,PP,"['Barley', 'Corn for silage', 'Flaxseed', 'Mixed grains', 'Oats', 'Peas, dry', 'Rye, all', 'Sugar beets', 'Tame hay', 'Wheat, all']"
1920,QU,"['Barley', 'Beans, all dry (white and coloured)', 'Buckwheat', 'Corn for grain', 'Corn for silage', 'Flaxseed', 'Mixed grains', 'Oats', 'Peas, dry', 'Rye, all', 'Tame hay', 'Wheat, all']"
1920,SK,"['Barley', 'Beans, all dry (white and coloured)', 'Corn for silage', 'Flaxseed', 'Mixed grains', 'Oats', 'Peas, dry', 'Rye, all', 'Tame hay', 'Wheat, all']"
1921, ,['Barley']
1921,AB,"['Barley', 'Beans, all dry (white and coloured)', 'Corn for silage', 'Flaxseed', 'Mixed grains', 'Oats', 'Peas, dry', 'Rye, all', 'Sugar beets', 'Tame hay', 'Wheat, all']"
1921,BC,"['Beans, all dry (white and coloured)', 'Corn for silage', 'Mixed grains', 'Oats', 'Peas, dry', 'Rye, all', 'Tame hay', 'Wheat, all']"
1921,CA,"['Barley', 'Beans, all dry (white and coloured)', 'Buckwheat', 'Corn for grain', 'Corn for silage', 'Flaxseed', 'Mixed grains', 'Oats', 'Peas, dry', 'Rye, all', 'Sugar beets', 'Tame hay', 'Wheat, all']"
1921,MA,"['Barley', 'Corn for silage', 'Flaxseed', 'Mixed grains', 'Oats', 'Peas, dry', 'Rye, all', 'Tame hay', 'Wheat, all']"
1921,MP,"['Barley', 'Mixed grains', 'Oats', 'Tame hay', 'Wheat, all']"
1921,NB,"['Barley', 'Beans, all dry (white and coloured)', 'Buckwheat', 'Corn for silage', 'Mixed grains', 'Oats', 'Peas, dry', 'Rye, all', 'Tame hay', 'Wheat, all']"
1921,NS,"['Barley', 'Beans, all dry (white and coloured)', 'Buckwheat', 'Corn for silage', 'Mixed grains', 'Oats', 'Peas, dry', 'Rye, all', 'Tame hay', 'Wheat, all']"
1921,ON,"['Barley', 'Beans, all dry (white and coloured)', 'Buckwheat', 'Corn for grain', 'Corn for silage', 'Flaxseed', 'Mixed grains', 'Oats', 'Peas, dry', 'Rye, all', 'Sugar beets', 'Tame hay', 'Wheat, all', 'Wheat, spring', 'Wheat, winter remaining']"
1921,PEI,"['Barley', 'Buckwheat', 'Corn for silage', 'Mixed grains', 'Oats', 'Peas, dry', 'Tame hay', 'Wheat, all']"
1921,PP,"['Barley', 'Corn for silage', 'Flaxseed', 'Mixed grains', 'Oats', 'Peas, dry', 'Rye, all', 'Sugar beets', 'Tame hay', 'Wheat, all']"
1921,QU,"['Barley', 'Beans, all dry (white and coloured)', 'Buckwheat', 'Corn for grain', 'Corn for silage', 'Flaxseed', 'Mixed grains', 'Oats', 'Peas, dry', 'Rye, all', 'Tame hay', 'Wheat, all']"
1921,SK,"['Barley', 'Beans, all dry (white and coloured)', 'Corn for silage', 'Flaxseed', 'Mixed grains', 'Oats', 'Peas, dry', 'Rye, all', 'Tame hay', 'Wheat, all']"
1922,AB,"['Barley', 'Beans, all dry (white and coloured)', 'Corn for silage', 'Flaxseed', 'Mixed grains', 'Oats', 'Peas, dry', 'Rye, all', 'Sugar beets', 'Tame hay', 'Wheat, all']"
1922,BC,"['Barley', 'Beans, all dry (white and coloured)', 'Corn for silage', 'Mixed grains', 'Oats', 'Peas, dry', 'Rye, all', 'Tame hay', 'Wheat, all']"
1922,CA,"['Barley', 'Beans, all dry (white and coloured)', 'Buckwheat', 'Corn for grain', 'Corn for silage', 'Flaxseed', 'Mixed grains', 'Oats', 'Peas, dry', 'Rye, all', 'Sugar beets', 'Tame hay', 'Wheat, all']"
1922,MA,"['Barley', 'Corn for silage', 'Flaxseed', 'Mixed grains', 'Oats', 'Peas, dry', 'Rye, all', 'Tame hay', 'Wheat, all']"
1922,MP,"['Barley', 'Mixed grains', 'Oats', 'Tame hay', 'Wheat, all']"
1922,NB,"['Barley', 'Beans, all dry (white and coloured)', 'Buckwheat', 'Corn for silage', 'Mixed grains', 'Oats', 'Peas, dry', 'Rye, all', 'Tame hay', 'Wheat, all']"
1922,NS,"['Barley', 'Beans, all dry (white and coloured)', 'Buckwheat', 'Corn for silage', 'Mixed grains', 'Oats', 'Peas, dry', 'Rye, all', 'Tame hay', 'Wheat, all']"
1922,ON,"['Barley', 'Beans, all dry (white and coloured)', 'Buckwheat', 'Corn for grain', 'Corn for silage', 'Flaxseed', 'Mixed grains', 'Oats', 'Peas, dry', 'Rye, all', 'Sugar beets', 'Tame hay', 'Wheat, all', 'Wheat, spring', 'Wheat, winter remaining']"
1922,PEI,"['Barley', 'Buckwheat', 'Corn for silage', 'Mixed grains', 'Oats', 'Peas, dry', 'Tame hay', 'Wheat, all']"
1922,PP,"['Barley', 'Corn for silage', 'Flaxseed', 'Mixed grains', 'Oats', 'Peas, dry', 'Rye, all', 'Sugar beets', 'Tame hay', 'Wheat, all']"
1922,QU,"['Barley', 'Beans, all dry (white and coloured)', 'Buckwheat', 'Corn for grain', 'Corn for silage', 'Flaxseed', 'Mixed grains', 'Oats', 'Peas, dry', 'Rye, all', 'Tame hay', 'Wheat, all']"
1922,SK,"['Barley', 'Beans, all dry (white and coloured)', 'Corn for silage', 'Flaxseed', 'Mixed grains', 'Oats', 'Peas, dry', 'Rye, all', 'Tame hay', 'Wheat, all']"
1923,AB,"['Barley', 'Beans, all dry (white and coloured)', 'Corn for silage', 'Flaxseed', 'Mixed grains', 'Oats', 'Peas, dry', 'Rye, all', 'Rye, fall remaining', 'Rye, spring', 'Sugar beets', 'Tame hay', 'Wheat, all']"
1923,BC,"['Barley', 'Beans, all dry (white and coloured)', 'Corn for silage', 'Mixed grains', 'Oats', 'Peas, dry', 'Rye, all', 'Tame hay', 'Wheat, all']"
1923,CA,"['Barley', 'Beans, all dry (white and coloured)', 'Buckwheat', 'Corn for grain', 'Corn for silage', 'Flaxseed', 'Mixed grains', 'Oats', 'Peas, dry', 'Rye, all', 'Rye, fall remaining', 'Rye, spring', 'Sugar beets', 'Tame hay', 'Wheat, all']"
1923,MA,"['Barley', 'Corn for silage', 'Flaxseed', 'Mixed grains', 'Oats', 'Peas, dry', 'Rye, all', 'Rye, fall remaining', 'Rye, spring', 'Tame hay', 'Wheat, all']"
1923,MP,"['Barley', 'Mixed grains', 'Oats', 'Tame hay', 'Wheat, all']"
1923,NB,"['Barley', 'Beans, all dry (white and coloured)', 'Buckwheat', 'Corn for silage', 'Mixed grains', 'Oats', 'Peas, dry', 'Rye, all', 'Tame hay', 'Wheat, all']"
1923,NS,"['Barley', 'Beans, all dry (white and coloured)', 'Buckwheat', 'Corn for silage', 'Mixed grains', 'Oats', 'Peas, dry', 'Rye, all', 'Tame hay', 'Wheat, all']"
1923,ON,"['Barley', 'Beans, all dry (white and coloured)', 'Buckwheat', 'Corn for grain', 'Corn for silage', 'Flaxseed', 'Mixed grains', 'Oats', 'Peas, dry', 'Rye, all', 'Sugar beets', 'Tame hay', 'Wheat, all', 'Wheat, spring', 'Wheat, winter remaining']"
1923,PEI,"['Barley', 'Buckwheat', 'Corn for silage', 'Mixed grains', 'Oats', 'Peas, dry', 'Tame hay', 'Wheat, all']"
1923,PP,"['Barley', 'Corn for silage', 'Flaxseed', 'Mixed grains', 'Oats', 'Peas, dry', 'Rye, all', 'Sugar beets', 'Tame hay', 'Wheat, all']"
1923,QU,"['Barley', 'Beans, all dry (white and coloured)', 'Buckwheat', 'Corn for grain', 'Corn for silage', 'Flaxseed', 'Mixed grains', 'Oats', 'Peas, dry', 'Rye, all', 'Tame hay', 'Wheat, all']"
1923,SK,"['Barley', 'Beans, all dry (white and coloured)', 'Corn for silage', 'Flaxseed', 'Mixed grains', 'Oats', 'Peas, dry', 'Rye, all', 'Rye, fall remaining', 'Rye, spring', 'Tame hay', 'Wheat, all']"
1924,AB,"['Barley', 'Beans, all dry (white and coloured)', 'Corn for silage', 'Flaxseed', 'Mixed grains', 'Oats', 'Peas, dry', 'Rye, all', 'Rye, fall remaining', 'Rye, spring', 'Sugar beets', 'Tame hay', 'Wheat, all']"
1924,BC,"['Barley', 'Beans, all dry (white and coloured)', 'Corn for silage', 'Flaxseed', 'Mixed grains', 'Oats', 'Peas, dry', 'Rye, all', 'Tame hay', 'Wheat, all']"
1924,CA,"['Barley', 'Beans, all dry (white and coloured)', 'Buckwheat', 'Corn for grain', 'Corn for silage', 'Flaxseed', 'Mixed grains', 'Oats', 'Peas, dry', 'Rye, all', 'Rye, fall remaining', 'Rye, spring', 'Sugar beets', 'Tame hay', 'Wheat, all']"
1924,MA,"['Barley', 'Corn for silage', 'Flaxseed', 'Mixed grains', 'Oats', 'Peas, dry', 'Rye, all', 'Rye, fall remaining', 'Rye, spring', 'Tame hay', 'Wheat, all']"
1924,MP,"['Barley', 'Mixed grains', 'Oats', 'Tame hay', 'Wheat, all']"
1924,NB,"['Barley', 'Beans, all dry (white and coloured)', 'Buckwheat', 'Corn for silage', 'Mixed grains', 'Oats', 'Peas, dry', 'Rye, all', 'Tame hay', 'Wheat, all']"
1924,NS,"['Barley', 'Beans, all dry (white and coloured)', 'Buckwheat', 'Corn for silage', 'Mixed grains', 'Oats', 'Peas, dry', 'Rye, all', 'Tame hay', 'Wheat, all']"
1924,ON,"['Barley', 'Beans, all dry (white and coloured)', 'Buckwheat', 'Corn for grain', 'Corn for silage', 'Flaxseed', 'Mixed grains', 'Oats', 'Peas, dry', 'Rye, all', 'Sugar beets', 'Tame hay', 'Wheat, all', 'Wheat, spring', 'Wheat, winter remaining']"
1924,PEI,"['Barley', 'Buckwheat', 'Corn for silage', 'Mixed grains', 'Oats', 'Peas, dry', 'Tame hay', 'Wheat, all']"
1924,PP,"['Barley', 'Corn for silage', 'Flaxseed', 'Mixed grains', 'Oats', 'Peas, dry', 'Rye, all', 'Sugar beets', 'Tame hay', 'Wheat, all']"
1924,QU,"['Barley', 'Beans, all dry (white and coloured)', 'Buckwheat', 'Corn for grain', 'Corn for silage', 'Flaxseed', 'Mixed grains', 'Oats', 'Peas, dry', 'Rye, all', 'Tame hay', 'Wheat, all']"
1924,SK,"['Barley', 'Beans, all dry (white and coloured)', 'Corn for silage', 'Flaxseed', 'Mixed grains', 'Oats', 'Peas, dry', 'Rye, all', 'Rye, fall remaining', 'Rye, spring', 'Tame hay', 'Wheat, all']"
1925,AB,"['Barley', 'Beans, all dry (white and coloured)', 'Corn for silage', 'Flaxseed', 'Mixed grains', 'Oats', 'Peas, dry', 'Rye, all', 'Rye, fall remaining', 'Rye, spring', 'Sugar beets', 'Tame hay', 'Wheat, all']"
1925,BC,"['Barley', 'Beans, all dry (white and coloured)', 'Corn for silage', 'Flaxseed', 'Mixed grains', 'Oats', 'Peas, dry', 'Rye, all', 'Tame hay', 'Wheat, all']"
1925,CA,"['Barley', 'Beans, all dry (white and coloured)', 'Buckwheat', 'Corn for grain', 'Corn for silage', 'Flaxseed', 'Mixed grains', 'Oats', 'Peas, dry', 'Rye, all', 'Rye, fall remaining', 'Rye, spring', 'Sugar beets', 'Tame hay', 'Wheat, all']"
1925,MA,"['Barley', 'Buckwheat', 'Corn for silage', 'Flaxseed', 'Mixed grains', 'Oats', 'Peas, dry', 'Rye, all', 'Rye, fall remaining', 'Rye, spring', 'Tame hay', 'Wheat, all']"
1925,MP,"['Barley', 'Mixed grains', 'Oats', 'Tame hay', 'Wheat, all']"
1925,NB,"['Barley', 'Beans, all dry (white and coloured)', 'Buckwheat', 'Corn for silage', 'Mixed grains', 'Oats', 'Peas, dry', 'Rye, all', 'Tame hay', 'Wheat, all']"
1925,NS,"['Barley', 'Beans, all dry (white and coloured)', 'Buckwheat', 'Corn for silage', 'Mixed grains', 'Oats', 'Peas, dry', 'Rye, all', 'Tame hay', 'Wheat, all']"
1925,ON,"['Barley', 'Beans, all dry (white and coloured)', 'Buckwheat', 'Corn for grain', 'Corn for silage', 'Flaxseed', 'Mixed grains', 'Oats', 'Peas, dry', 'Rye, all', 'Sugar beets', 'Tame hay', 'Wheat, all', 'Wheat, spring', 'Wheat, winter remaining']"
1925,PEI,"['Barley', 'Buckwheat', 'Corn for silage', 'Mixed grains', 'Oats', 'Peas, dry', 'Tame hay', 'Wheat, all']"
1925,PP,"['Barley', 'Corn for silage', 'Flaxseed', 'Mixed grains', 'Oats', 'Peas, dry', 'Rye, all', 'Sugar beets', 'Tame hay', 'Wheat, all']"
1925,QU,"['Barley', 'Beans, all dry (white and coloured)', 'Buckwheat', 'Corn for grain', 'Corn for silage', 'Flaxseed', 'Mixed grains', 'Oats', 'Peas, dry', 'Rye, all', 'Tame hay', 'Wheat, all']"
1925,SK,"['Barley', 'Beans, all dry (white and coloured)', 'Corn for silage', 'Flaxseed', 'Mixed grains', 'Oats', 'Peas, dry', 'Rye, all', 'Rye, fall remaining', 'Rye, spring', 'Tame hay', 'Wheat, all']"
1926,AB,"['Barley', 'Beans, all dry (white and coloured)', 'Corn for silage', 'Flaxseed', 'Mixed grains', 'Oats', 'Peas, dry', 'Rye, all', 'Rye, fall remaining', 'Rye, spring', 'Sugar beets', 'Tame hay', 'Wheat, all']"
1926,BC,"['Barley', 'Beans, all dry (white and coloured)', 'Corn for silage', 'Flaxseed', 'Mixed grains', 'Oats', 'Peas, dry', 'Rye, all', 'Tame hay', 'Wheat, all']"
1926,CA,"['Barley', 'Beans, all dry (white and coloured)', 'Buckwheat', 'Corn for grain', 'Corn for silage', 'Flaxseed', 'Mixed grains', 'Oats', 'Peas, dry', 'Rye, all', 'Rye, fall remaining', 'Rye, spring', 'Sugar beets', 'Tame hay', 'Wheat, all']"
1926,MA,"['Barley', 'Buckwheat', 'Corn for silage', 'Flaxseed', 'Mixed grains', 'Oats', 'Peas, dry', 'Rye, all', 'Rye, fall remaining', 'Rye, spring', 'Tame hay', 'Wheat, all']"
1926,MP,"['Barley', 'Mixed grains', 'Oats', 'Tame hay', 'Wheat, all']"
1926,NB,"['Barley', 'Beans, all dry (white and coloured)', 'Buckwheat', 'Corn for silage', 'Mixed grains', 'Oats', 'Peas, dry', 'Rye, all', 'Tame hay', 'Wheat, all']"
1926,NS,"['Barley', 'Beans, all dry (white and coloured)', 'Buckwheat', 'Corn for silage', 'Mixed grains', 'Oats', 'Peas, dry', 'Rye, all', 'Tame hay', 'Wheat, all']"
1926,ON,"['Barley', 'Beans, all dry (white and coloured)', 'Buckwheat', 'Corn for grain', 'Corn for silage', 'Flaxseed', 'Mixed grains', 'Oats', 'Peas, dry', 'Rye, all', 'Sugar beets', 'Tame hay', 'Wheat, all', 'Wheat, spring', 'Wheat, winter remaining']"
1926,PEI,"['Barley', 'Buckwheat', 'Corn for silage', 'Mixed grains', 'Oats', 'Peas, dry', 'Tame hay', 'Wheat, all']"
1926,PP,"['Barley', 'Corn for silage', 'Flaxseed', 'Mixed grains', 'Oats', 'Peas, dry', 'Rye, all', 'Sugar beets', 'Tame hay', 'Wheat, all']"
1926,QU,"['Barley', 'Beans, all dry (white and coloured)', 'Buckwheat', 'Corn for grain', 'Corn for silage', 'Flaxseed', 'Mixed grains', 'Oats', 'Peas, dry', 'Rye, all', 'Tame hay', 'Wheat, all']"
1926,SK,"['Barley', 'Beans, all dry (white and coloured)', 'Corn for silage', 'Flaxseed', 'Mixed grains', 'Oats', 'Peas, dry', 'Rye, all', 'Rye, fall remaining', 'Rye, spring', 'Tame hay', 'Wheat, all']"
1927,AB,"['Barley', 'Beans, all dry (white and coloured)', 'Corn for silage', 'Flaxseed', 'Mixed grains', 'Oats', 'Peas, dry', 'Rye, all', 'Rye, fall remaining', 'Rye, spring', 'Sugar beets', 'Tame hay', 'Wheat, all']"
1927,BC,"['Barley', 'Beans, all dry (white and coloured)', 'Corn for silage', 'Flaxseed', 'Mixed grains', 'Oats', 'Peas, dry', 'Rye, all', 'Tame hay', 'Wheat, all']"
1927,CA,"['Barley', 'Beans, all dry (white and coloured)', 'Buckwheat', 'Corn for grain', 'Corn for silage', 'Flaxseed', 'Mixed grains', 'Oats', 'Peas, dry', 'Rye, all', 'Rye, fall remaining', 'Rye, spring', 'Sugar beets', 'Tame hay', 'Wheat, all']"
1927,MA,"['Barley', 'Buckwheat', 'Corn for silage', 'Flaxseed', 'Mixed grains', 'Oats', 'Peas, dry', 'Rye, all', 'Rye, fall remaining', 'Rye, spring', 'Tame hay', 'Wheat, all']"
1927,MP,"['Barley', 'Mixed grains', 'Oats', 'Tame hay', 'Wheat, all']"
1927,NB,"['Barley', 'Beans, all dry (white and coloured)', 'Buckwheat', 'Corn for silage', 'Mixed grains', 'Oats', 'Peas, dry', 'Rye, all', 'Tame hay', 'Wheat, all']"
1927,NS,"['Barley', 'Beans, all dry (white and coloured)', 'Buckwheat', 'Corn for silage', 'Mixed grains', 'Oats', 'Peas, dry', 'Rye, all', 'Tame hay', 'Wheat, all']"
1927,ON,"['Barley', 'Beans, all dry (white and coloured)', 'Buckwheat', 'Corn for grain', 'Corn for silage', 'Flaxseed', 'Mixed grains', 'Oats', 'Peas, dry', 'Rye, all', 'Sugar beets', 'Tame hay', 'Wheat, all', 'Wheat, spring', 'Wheat, winter remaining']"
1927,PEI,"['Barley', 'Buckwheat', 'Corn for silage', 'Mixed grains', 'Oats', 'Peas, dry', 'Tame hay', 'Wheat, all']"
1927,PP,"['Barley', 'Corn for silage', 'Flaxseed', 'Mixed grains', 'Oats', 'Peas, dry', 'Rye, all', 'Sugar beets', 'Tame hay', 'Wheat, all']"
1927,QU,"['Barley', 'Beans, all dry (white and coloured)', 'Buckwheat', 'Corn for grain', 'Corn for silage', 'Flaxseed', 'Mixed grains', 'Oats', 'Peas, dry', 'Rye, all', 'Tame hay', 'Wheat, all']"
1927,SK,"['Barley', 'Beans, all dry (white and coloured)', 'Corn for silage', 'Flaxseed', 'Mixed grains', 'Oats', 'Peas, dry', 'Rye, all', 'Rye, fall remaining', 'Rye, spring', 'Tame hay', 'Wheat, all']"
1928,AB,"['Barley', 'Beans, all dry (white and coloured)', 'Corn for silage', 'Flaxseed', 'Mixed grains', 'Oats', 'Peas, dry', 'Rye, all', 'Rye, fall remaining', 'Rye, spring', 'Sugar beets', 'Tame hay', 'Wheat, all']"
1928,BC,"['Barley', 'Beans, all dry (white and coloured)', 'Corn for silage', 'Flaxseed', 'Mixed grains', 'Oats', 'Peas, dry', 'Rye, all', 'Tame hay', 'Wheat, all']"
1928,CA,"['Barley', 'Beans, all dry (white and coloured)', 'Buckwheat', 'Corn for grain', 'Corn for silage', 'Flaxseed', 'Mixed grains', 'Oats', 'Peas, dry', 'Rye, all', 'Rye, fall remaining', 'Rye, spring', 'Sugar beets', 'Tame hay', 'Wheat, all']"
1928,MA,"['Barley', 'Buckwheat', 'Corn for silage', 'Flaxseed', 'Mixed grains', 'Oats', 'Peas, dry', 'Rye, all', 'Rye, fall remaining', 'Rye, spring', 'Tame hay', 'Wheat, all']"
1928,MP,"['Barley', 'Mixed grains', 'Oats', 'Tame hay', 'Wheat, all']"
1928,NB,"['Barley', 'Beans, all dry (white and coloured)', 'Buckwheat', 'Corn for silage', 'Mixed grains', 'Oats', 'Peas, dry', 'Rye, all', 'Tame hay', 'Wheat, all']"
1928,NS,"['Barley', 'Beans, all dry (white and coloured)', 'Buckwheat', 'Corn for silage', 'Mixed grains', 'Oats', 'Peas, dry', 'Rye, all', 'Tame hay', 'Wheat, all']"
1928,ON,"['Barley', 'Beans, all dry (white and coloured)', 'Buckwheat', 'Corn for grain', 'Corn for silage', 'Flaxseed', 'Mixed grains', 'Oats', 'Peas, dry', 'Rye, all', 'Sugar beets', 'Tame hay', 'Wheat, all', 'Wheat, spring', 'Wheat, winter remaining']"
1928,PEI,"['Barley', 'Buckwheat', 'Corn for silage', 'Mixed grains', 'Oats', 'Peas, dry', 'Tame hay', 'Wheat, all']"
1928,PP,"['Barley', 'Corn for silage', 'Flaxseed', 'Mixed grains', 'Oats', 'Peas, dry', 'Rye, all', 'Sugar beets', 'Tame hay', 'Wheat, all']"
1928,QU,"['Barley', 'Beans, all dry (white and coloured)', 'Buckwheat', 'Corn for grain', 'Corn for silage', 'Flaxseed', 'Mixed grains', 'Oats', 'Peas, dry', 'Rye, all', 'Tame hay', 'Wheat, all']"
1928,SK,"['Barley', 'Beans, all dry (white and coloured)', 'Corn for silage', 'Flaxseed', 'Mixed grains', 'Oats', 'Peas, dry', 'Rye, all', 'Rye, fall remaining', 'Rye, spring', 'Tame hay', 'Wheat, all']"
1929,AB,"['Barley', 'Beans, all dry (white and coloured)', 'Corn for silage', 'Flaxseed', 'Mixed grains', 'Oats', 'Peas, dry', 'Rye, all', 'Rye, fall remaining', 'Rye, spring', 'Sugar beets', 'Tame hay', 'Wheat, all']"
1929,BC,"['Barley', 'Beans, all dry (white and coloured)', 'Corn for silage', 'Flaxseed', 'Mixed grains', 'Oats', 'Peas, dry', 'Rye, all', 'Tame hay', 'Wheat, all']"
1929,CA,"['Barley', 'Beans, all dry (white and coloured)', 'Buckwheat', 'Corn for grain', 'Corn for silage', 'Flaxseed', 'Mixed grains', 'Oats', 'Peas, dry', 'Rye, all', 'Rye, fall remaining', 'Rye, spring', 'Sugar beets', 'Tame hay', 'Wheat, all']"
1929,MA,"['Barley', 'Buckwheat', 'Corn for silage', 'Flaxseed', 'Mixed grains', 'Oats', 'Peas, dry', 'Rye, all', 'Rye, fall remaining', 'Rye, spring', 'Tame hay', 'Wheat, all']"
1929,MP,"['Barley', 'Mixed grains', 'Oats', 'Tame hay', 'Wheat, all']"
1929,NB,"['Barley', 'Beans, all dry (white and coloured)', 'Buckwheat', 'Corn for silage', 'Mixed grains', 'Oats', 'Peas, dry', 'Rye, all', 'Tame hay', 'Wheat, all']"
1929,NS,"['Barley', 'Beans, all dry (white and coloured)', 'Buckwheat', 'Corn for silage', 'Mixed grains', 'Oats', 'Peas, dry', 'Rye, all', 'Tame hay', 'Wheat, all']"
1929,ON,"['Barley', 'Beans, all dry (white and coloured)', 'Buckwheat', 'Corn for grain', 'Corn for silage', 'Flaxseed', 'Mixed grains', 'Oats', 'Peas, dry', 'Rye, all', 'Sugar beets', 'Tame hay', 'Wheat, all', 'Wheat, spring', 'Wheat, winter remaining']"
1929,PEI,"['Barley', 'Buckwheat', 'Corn for silage', 'Mixed grains', 'Oats', 'Peas, dry', 'Tame hay', 'Wheat, all']"
1929,PP,"['Barley', 'Corn for silage', 'Flaxseed', 'Mixed grains', 'Oats', 'Peas, dry', 'Rye, all', 'Sugar beets', 'Tame hay', 'Wheat, all']"
1929,QU,"['Barley', 'Beans, all dry (white and coloured)', 'Buckwheat', 'Corn for grain', 'Corn for silage', 'Flaxseed', 'Mixed grains', 'Oats', 'Peas, dry', 'Rye, all', 'Tame hay', 'Wheat, all']"
1929,SK,"['Barley', 'Beans, all dry (white and coloured)', 'Corn for silage', 'Flaxseed', 'Mixed grains', 'Oats', 'Peas, dry', 'Rye, all', 'Rye, fall remaining', 'Rye, spring', 'Tame hay', 'Wheat, all']"
1930,AB,"['Barley', 'Beans, all dry (white and coloured)', 'Corn for silage', 'Flaxseed', 'Mixed grains', 'Oats', 'Peas, dry', 'Rye, all', 'Rye, fall remaining', 'Rye, spring', 'Sugar beets', 'Tame hay', 'Wheat, all']"
1930,BC,"['Barley', 'Beans, all dry (white and coloured)', 'Corn for silage', 'Flaxseed', 'Mixed grains', 'Oats', 'Peas, dry', 'Rye, all', 'Tame hay', 'Wheat, all']"
1930,CA,"['Barley', 'Beans, all dry (white and coloured)', 'Buckwheat', 'Corn for grain', 'Corn for silage', 'Flaxseed', 'Mixed grains', 'Oats', 'Peas, dry', 'Rye, all', 'Rye, fall remaining', 'Rye, spring', 'Sugar beets', 'Tame hay', 'Wheat, all']"
1930,MA,"['Barley', 'Buckwheat', 'Corn for silage', 'Flaxseed', 'Mixed grains', 'Oats', 'Peas, dry', 'Rye, all', 'Rye, fall remaining', 'Rye, spring', 'Tame hay', 'Wheat, all']"
1930,MP,"['Barley', 'Mixed grains', 'Oats', 'Tame hay', 'Wheat, all']"
1930,NB,"['Barley', 'Beans, all dry (white and coloured)', 'Buckwheat', 'Corn for silage', 'Mixed grains', 'Oats', 'Peas, dry', 'Rye, all', 'Tame hay', 'Wheat, all']"
1930,NS,"['Barley', 'Beans, all dry (white and coloured)', 'Buckwheat', 'Corn for silage', 'Mixed grains', 'Oats', 'Peas, dry', 'Rye, all', 'Tame hay', 'Wheat, all']"
1930,ON,"['Barley', 'Beans, all dry (white and coloured)', 'Buckwheat', 'Corn for grain', 'Corn for silage', 'Flaxseed', 'Mixed grains', 'Oats', 'Peas, dry', 'Rye, all', 'Sugar beets', 'Tame hay', 'Wheat, all', 'Wheat, spring', 'Wheat, winter remaining']"
1930,PEI,"['Barley', 'Buckwheat', 'Corn for silage', 'Mixed grains', 'Oats', 'Peas, dry', 'Tame hay', 'Wheat, all']"
1930,PP,"['Barley', 'Corn for silage', 'Flaxseed', 'Mixed grains', 'Oats', 'Peas, dry', 'Rye, all', 'Sugar beets', 'Tame hay', 'Wheat, all']"
1930,QU,"['Barley', 'Beans, all dry (white and coloured)', 'Buckwheat', 'Corn for grain', 'Corn for silage', 'Flaxseed', 'Mixed grains', 'Oats', 'Peas, dry', 'Rye, all', 'Tame hay', 'Wheat, all']"
1930,SK,"['Barley', 'Beans, all dry (white and coloured)', 'Corn for silage', 'Flaxseed', 'Mixed grains', 'Oats', 'Peas, dry', 'Rye, all', 'Rye, fall remaining', 'Rye, spring', 'Tame hay', 'Wheat, all']"
1931,AB,"['Barley', 'Beans, all dry (white and coloured)', 'Corn for silage', 'Flaxseed', 'Mixed grains', 'Oats', 'Peas, dry', 'Rye, all', 'Rye, fall remaining', 'Rye, spring', 'Sugar beets', 'Tame hay', 'Wheat, all']"
1931,BC,"['Barley', 'Beans, all dry (white and coloured)', 'Corn for silage', 'Flaxseed', 'Mixed grains', 'Oats', 'Peas, dry', 'Rye, all', 'Tame hay', 'Wheat, all']"
1931,CA,"['Barley', 'Beans, all dry (white and coloured)', 'Buckwheat', 'Corn for grain', 'Corn for silage', 'Flaxseed', 'Mixed grains', 'Oats', 'Peas, dry', 'Rye, all', 'Rye, fall remaining', 'Rye, spring', 'Sugar beets', 'Tame hay', 'Wheat, all']"
1931,MA,"['Barley', 'Buckwheat', 'Corn for silage', 'Flaxseed', 'Mixed grains', 'Oats', 'Peas, dry', 'Rye, all', 'Rye, fall remaining', 'Rye, spring', 'Tame hay', 'Wheat, all']"
1931,MP,"['Barley', 'Mixed grains', 'Oats', 'Tame hay', 'Wheat, all']"
1931,NB,"['Barley', 'Beans, all dry (white and coloured)', 'Buckwheat', 'Corn for silage', 'Mixed grains', 'Oats', 'Tame hay', 'Wheat, all']"
1931,NS,"['Barley', 'Buckwheat', 'Corn for silage', 'Mixed grains', 'Oats', 'Rye, all', 'Tame hay', 'Wheat, all']"
1931,ON,"['Barley', 'Beans, all dry (white and coloured)', 'Buckwheat', 'Corn for grain', 'Corn for silage', 'Flaxseed', 'Mixed grains', 'Oats', 'Peas, dry', 'Rye, all', 'Sugar beets', 'Tame hay', 'Wheat, all', 'Wheat, spring', 'Wheat, winter remaining']"
1931,PEI,"['Barley', 'Buckwheat', 'Corn for silage', 'Mixed grains', 'Oats', 'Tame hay', 'Wheat, all']"
1931,PP,"['Barley', 'Corn for silage', 'Flaxseed', 'Mixed grains', 'Oats', 'Peas, dry', 'Rye, all', 'Sugar beets', 'Tame hay', 'Wheat, all']"
1931,QU,"['Barley', 'Beans, all dry (white and coloured)', 'Buckwheat', 'Corn for grain', 'Corn for silage', 'Flaxseed', 'Mixed grains', 'Oats', 'Peas, dry', 'Rye, all', 'Tame hay', 'Wheat, all']"
1931,SK,"['Barley', 'Beans, all dry (white and coloured)', 'Corn for silage', 'Flaxseed', 'Mixed grains', 'Oats', 'Peas, dry', 'Rye, all', 'Rye, fall remaining', 'Rye, spring', 'Tame hay', 'Wheat, all']"
1932,AB,"['Barley', 'Beans, all dry (white and coloured)', 'Corn for silage', 'Flaxseed', 'Mixed grains', 'Oats', 'Peas, dry', 'Rye, all', 'Rye, fall remaining', 'Rye, spring', 'Sugar beets', 'Tame hay', 'Wheat, all']"
1932,BC,"['Barley', 'Beans, all dry (white and coloured)', 'Corn for silage', 'Flaxseed', 'Mixed grains', 'Oats', 'Peas, dry', 'Rye, all', 'Tame hay', 'Wheat, all']"
1932,CA,"['Barley', 'Beans, all dry (white and coloured)', 'Buckwheat', 'Corn for grain', 'Corn for silage', 'Flaxseed', 'Mixed grains', 'Oats', 'Peas, dry', 'Rye, all', 'Rye, fall remaining', 'Rye, spring', 'Sugar beets', 'Tame hay', 'Wheat, all']"
1932,MA,"['Barley', 'Buckwheat', 'Corn for silage', 'Flaxseed', 'Mixed grains', 'Oats', 'Peas, dry', 'Rye, all', 'Rye, fall remaining', 'Rye, spring', 'Tame hay', 'Wheat, all']"
1932,MP,"['Barley', 'Mixed grains', 'Oats', 'Tame hay', 'Wheat, all']"
1932,NB,"['Barley', 'Beans, all dry (white and coloured)', 'Buckwheat', 'Corn for silage', 'Mixed grains', 'Oats', 'Tame hay', 'Wheat, all']"
1932,NS,"['Barley', 'Buckwheat', 'Corn for silage', 'Mixed grains', 'Oats', 'Rye, all', 'Tame hay', 'Wheat, all']"
1932,ON,"['Barley', 'Beans, all dry (white and coloured)', 'Buckwheat', 'Corn for grain', 'Corn for silage', 'Flaxseed', 'Mixed grains', 'Oats', 'Peas, dry', 'Rye, all', 'Sugar beets', 'Tame hay', 'Wheat, all', 'Wheat, spring', 'Wheat, winter remaining']"
1932,PEI,"['Barley', 'Buckwheat', 'Corn for silage', 'Mixed grains', 'Oats', 'Tame hay', 'Wheat, all']"
1932,PP,"['Barley', 'Corn for silage', 'Flaxseed', 'Mixed grains', 'Oats', 'Peas, dry', 'Rye, all', 'Sugar beets', 'Tame hay', 'Wheat, all']"
1932,QU,"['Barley', 'Beans, all dry (white and coloured)', 'Buckwheat', 'Corn for grain', 'Corn for silage', 'Flaxseed', 'Mixed grains', 'Oats', 'Peas, dry', 'Rye, all', 'Tame hay', 'Wheat, all']"
1932,SK,"['Barley', 'Beans, all dry (white and coloured)', 'Corn for silage', 'Flaxseed', 'Mixed grains', 'Oats', 'Peas, dry', 'Rye, all', 'Rye, fall remaining', 'Rye, spring', 'Tame hay', 'Wheat, all']"
1933,AB,"['Barley', 'Beans, all dry (white and coloured)', 'Corn for silage', 'Flaxseed', 'Mixed grains', 'Oats', 'Peas, dry', 'Rye, all', 'Rye, fall remaining', 'Rye, spring', 'Sugar beets', 'Tame hay', 'Wheat, all']"
1933,BC,"['Barley', 'Beans, all dry (white and coloured)', 'Corn for silage', 'Flaxseed', 'Mixed grains', 'Oats', 'Peas, dry', 'Rye, all', 'Tame hay', 'Wheat, all']"
1933,CA,"['Barley', 'Beans, all dry (white and coloured)', 'Buckwheat', 'Corn for grain', 'Corn for silage', 'Flaxseed', 'Mixed grains', 'Oats', 'Peas, dry', 'Rye, all', 'Rye, fall remaining', 'Rye, spring', 'Sugar beets', 'Tame hay', 'Wheat, all']"
1933,MA,"['Barley', 'Buckwheat', 'Corn for silage', 'Flaxseed', 'Mixed grains', 'Oats', 'Peas, dry', 'Rye, all', 'Rye, fall remaining', 'Rye, spring', 'Tame hay', 'Wheat, all']"
1933,MP,"['Barley', 'Mixed grains', 'Oats', 'Tame hay', 'Wheat, all']"
1933,NB,"['Barley', 'Beans, all dry (white and coloured)', 'Buckwheat', 'Corn for silage', 'Mixed grains', 'Oats', 'Tame hay', 'Wheat, all']"
1933,NS,"['Barley', 'Buckwheat', 'Corn for silage', 'Mixed grains', 'Oats', 'Rye, all', 'Tame hay', 'Wheat, all']"
1933,ON,"['Barley', 'Beans, all dry (white and coloured)', 'Buckwheat', 'Corn for grain', 'Corn for silage', 'Flaxseed', 'Mixed grains', 'Oats', 'Peas, dry', 'Rye, all', 'Sugar beets', 'Tame hay', 'Wheat, all', 'Wheat, spring', 'Wheat, winter remaining']"
1933,PEI,"['Barley', 'Buckwheat', 'Corn for silage', 'Mixed grains', 'Oats', 'Tame hay', 'Wheat, all']"
1933,PP,"['Barley', 'Corn for silage', 'Flaxseed', 'Mixed grains', 'Oats', 'Peas, dry', 'Rye, all', 'Sugar beets', 'Tame hay', 'Wheat, all']"
1933,QU,"['Barley', 'Beans, all dry (white and coloured)', 'Buckwheat', 'Corn for grain', 'Corn for silage', 'Flaxseed', 'Mixed grains', 'Oats', 'Peas, dry', 'Rye, all', 'Tame hay', 'Wheat, all']"
1933,SK,"['Barley', 'Beans, all dry (white and coloured)', 'Corn for silage', 'Flaxseed', 'Mixed grains', 'Oats', 'Peas, dry', 'Rye, all', 'Rye, fall remaining', 'Rye, spring', 'Tame hay', 'Wheat, all']"
1934,AB,"['Barley', 'Beans, all dry (white and coloured)', 'Corn for silage', 'Flaxseed', 'Mixed grains', 'Oats', 'Peas, dry', 'Rye, all', 'Rye, fall remaining', 'Rye, spring', 'Sugar beets', 'Tame hay', 'Wheat, all']"
1934,BC,"['Barley', 'Beans, all dry (white and coloured)', 'Corn for silage', 'Flaxseed', 'Mixed grains', 'Oats', 'Peas, dry', 'Rye, all', 'Tame hay', 'Wheat, all']"
1934,CA,"['Barley', 'Beans, all dry (white and coloured)', 'Buckwheat', 'Corn for grain', 'Corn for silage', 'Flaxseed', 'Mixed grains', 'Oats', 'Peas, dry', 'Rye, all', 'Rye, fall remaining', 'Rye, spring', 'Sugar beets', 'Tame hay', 'Wheat, all']"
1934,MA,"['Barley', 'Buckwheat', 'Corn for silage', 'Flaxseed', 'Mixed grains', 'Oats', 'Peas, dry', 'Rye, all', 'Rye, fall remaining', 'Rye, spring', 'Tame hay', 'Wheat, all']"
1934,MP,"['Barley', 'Mixed grains', 'Oats', 'Tame hay', 'Wheat, all']"
1934,NB,"['Barley', 'Beans, all dry (white and coloured)', 'Buckwheat', 'Corn for silage', 'Mixed grains', 'Oats', 'Tame hay', 'Wheat, all']"
1934,NS,"['Barley', 'Buckwheat', 'Corn for silage', 'Mixed grains', 'Oats', 'Rye, all', 'Tame hay', 'Wheat, all']"
1934,ON,"['Barley', 'Beans, all dry (white and coloured)', 'Buckwheat', 'Corn for grain', 'Corn for silage', 'Flaxseed', 'Mixed grains', 'Oats', 'Peas, dry', 'Rye, all', 'Sugar beets', 'Tame hay', 'Wheat, all', 'Wheat, spring', 'Wheat, winter remaining']"
1934,PEI,"['Barley', 'Buckwheat', 'Corn for silage', 'Mixed grains', 'Oats', 'Tame hay', 'Wheat, all']"
1934,PP,"['Barley', 'Corn for silage', 'Flaxseed', 'Mixed grains', 'Oats', 'Peas, dry', 'Rye, all', 'Sugar beets', 'Tame hay', 'Wheat, all']"
1934,QU,"['Barley', 'Beans, all dry (white and coloured)', 'Buckwheat', 'Corn for grain', 'Corn for silage', 'Flaxseed', 'Mixed grains', 'Oats', 'Peas, dry', 'Rye, all', 'Tame hay', 'Wheat, all']"
1934,SK,"['Barley', 'Beans, all dry (white and coloured)', 'Corn for silage', 'Flaxseed', 'Mixed grains', 'Oats', 'Peas, dry', 'Rye, all', 'Rye, fall remaining', 'Rye, spring', 'Tame hay', 'Wheat, all']"
1935,AB,"['Barley', 'Beans, all dry (white and coloured)', 'Corn for silage', 'Flaxseed', 'Mixed grains', 'Oats', 'Peas, dry', 'Rye, all', 'Rye, fall remaining', 'Rye, spring', 'Sugar beets', 'Tame hay', 'Wheat, all']"
1935,BC,"['Barley', 'Beans, all dry (white and coloured)', 'Corn for silage', 'Flaxseed', 'Mixed grains', 'Oats', 'Peas, dry', 'Rye, all', 'Tame hay', 'Wheat, all']"
1935,CA,"['Barley', 'Beans, all dry (white and coloured)', 'Buckwheat', 'Corn for grain', 'Corn for silage', 'Flaxseed', 'Mixed grains', 'Oats', 'Peas, dry', 'Rye, all', 'Rye, fall remaining', 'Rye, spring', 'Sugar beets', 'Tame hay', 'Wheat, all']"
1935,MA,"['Barley', 'Buckwheat', 'Corn for silage', 'Flaxseed', 'Mixed grains', 'Oats', 'Peas, dry', 'Rye, all', 'Rye, fall remaining', 'Rye, spring', 'Tame hay', 'Wheat, all']"
1935,MP,"['Barley', 'Mixed grains', 'Oats', 'Tame hay', 'Wheat, all']"
1935,NB,"['Barley', 'Beans, all dry (white and coloured)', 'Buckwheat', 'Corn for silage', 'Mixed grains', 'Oats', 'Tame hay', 'Wheat, all']"
1935,NS,"['Barley', 'Buckwheat', 'Corn for silage', 'Mixed grains', 'Oats', 'Rye, all', 'Tame hay', 'Wheat, all']"
1935,ON,"['Barley', 'Beans, all dry (white and coloured)', 'Buckwheat', 'Corn for grain', 'Corn for silage', 'Flaxseed', 'Mixed grains', 'Oats', 'Peas, dry', 'Rye, all', 'Sugar beets', 'Tame hay', 'Wheat, all', 'Wheat, spring', 'Wheat, winter remaining']"
1935,PEI,"['Barley', 'Buckwheat', 'Corn for silage', 'Mixed grains', 'Oats', 'Tame hay', 'Wheat, all']"
1935,PP,"['Barley', 'Corn for silage', 'Flaxseed', 'Mixed grains', 'Oats', 'Peas, dry', 'Rye, all', 'Sugar beets', 'Tame hay', 'Wheat, all']"
1935,QU,"['Barley', 'Beans, all dry (white and coloured)', 'Buckwheat', 'Corn for grain', 'Corn for silage', 'Flaxseed', 'Mixed grains', 'Oats', 'Peas, dry', 'Rye, all', 'Tame hay', 'Wheat, all']"
1935,SK,"['Barley', 'Beans, all dry (white and coloured)', 'Corn for silage', 'Flaxseed', 'Mixed grains', 'Oats', 'Peas, dry', 'Rye, all', 'Rye, fall remaining', 'Rye, spring', 'Tame hay', 'Wheat, all']"
1936,AB,"['Barley', 'Beans, all dry (white and coloured)', 'Corn for silage', 'Flaxseed', 'Mixed grains', 'Oats', 'Peas, dry', 'Rye, all', 'Rye, fall remaining', 'Rye, spring', 'Sugar beets', 'Tame hay', 'Wheat, all']"
1936,BC,"['Barley', 'Beans, all dry (white and coloured)', 'Corn for silage', 'Flaxseed', 'Mixed grains', 'Oats', 'Peas, dry', 'Rye, all', 'Tame hay', 'Wheat, all']"
1936,CA,"['Barley', 'Beans, all dry (white and coloured)', 'Buckwheat', 'Corn for grain', 'Corn for silage', 'Flaxseed', 'Mixed grains', 'Oats', 'Peas, dry', 'Rye, all', 'Rye, fall remaining', 'Rye, spring', 'Sugar beets', 'Tame hay', 'Wheat, all']"
1936,MA,"['Barley', 'Buckwheat', 'Corn for silage', 'Flaxseed', 'Mixed grains', 'Oats', 'Peas, dry', 'Rye, all', 'Rye, fall remaining', 'Rye, spring', 'Tame hay', 'Wheat, all']"
1936,MP,"['Barley', 'Mixed grains', 'Oats', 'Tame hay', 'Wheat, all']"
1936,NB,"['Barley', 'Beans, all dry (white and coloured)', 'Buckwheat', 'Corn for silage', 'Mixed grains', 'Oats', 'Tame hay', 'Wheat, all']"
1936,NS,"['Barley', 'Buckwheat', 'Corn for silage', 'Mixed grains', 'Oats', 'Rye, all', 'Tame hay', 'Wheat, all']"
1936,ON,"['Barley', 'Beans, all dry (white and coloured)', 'Buckwheat', 'Corn for grain', 'Corn for silage', 'Flaxseed', 'Mixed grains', 'Oats', 'Peas, dry', 'Rye, all', 'Sugar beets', 'Tame hay', 'Wheat, all', 'Wheat, spring', 'Wheat, winter remaining']"
1936,PEI,"['Barley', 'Buckwheat', 'Corn for silage', 'Mixed grains', 'Oats', 'Tame hay', 'Wheat, all']"
1936,PP,"['Barley', 'Corn for silage', 'Flaxseed', 'Mixed grains', 'Oats', 'Peas, dry', 'Rye, all', 'Sugar beets', 'Tame hay', 'Wheat, all']"
1936,QU,"['Barley', 'Beans, all dry (white and coloured)', 'Buckwheat', 'Corn for grain', 'Corn for silage', 'Flaxseed', 'Mixed grains', 'Oats', 'Peas, dry', 'Rye, all', 'Tame hay', 'Wheat, all']"
1936,SK,"['Barley', 'Beans, all dry (white and coloured)', 'Corn for silage', 'Flaxseed', 'Mixed grains', 'Oats', 'Peas, dry', 'Rye, all', 'Rye, fall remaining', 'Rye, spring', 'Tame hay', 'Wheat, all']"
1937,AB,"['Barley', 'Beans, all dry (white and coloured)', 'Corn for silage', 'Flaxseed', 'Mixed grains', 'Oats', 'Peas, dry', 'Rye, all', 'Rye, fall remaining', 'Rye, spring', 'Sugar beets', 'Tame hay', 'Wheat, all']"
1937,BC,"['Barley', 'Beans, all dry (white and coloured)', 'Corn for silage', 'Flaxseed', 'Mixed grains', 'Oats', 'Peas, dry', 'Rye, all', 'Tame hay', 'Wheat, all']"
1937,CA,"['Barley', 'Beans, all dry (white and coloured)', 'Buckwheat', 'Corn for grain', 'Corn for silage', 'Flaxseed', 'Mixed grains', 'Oats', 'Peas, dry', 'Rye, all', 'Rye, fall remaining', 'Rye, spring', 'Sugar beets', 'Tame hay', 'Wheat, all']"
1937,MA,"['Barley', 'Buckwheat', 'Corn for silage', 'Flaxseed', 'Mixed grains', 'Oats', 'Peas, dry', 'Rye, all', 'Rye, fall remaining', 'Rye, spring', 'Tame hay', 'Wheat, all']"
1937,MP,"['Barley', 'Mixed grains', 'Oats', 'Tame hay', 'Wheat, all']"
1937,NB,"['Barley', 'Beans, all dry (white and coloured)', 'Buckwheat', 'Corn for silage', 'Mixed grains', 'Oats', 'Tame hay', 'Wheat, all']"
1937,NS,"['Barley', 'Buckwheat', 'Corn for silage', 'Mixed grains', 'Oats', 'Rye, all', 'Tame hay', 'Wheat, all']"
1937,ON,"['Barley', 'Beans, all dry (white and coloured)', 'Buckwheat', 'Corn for grain', 'Corn for silage', 'Flaxseed', 'Mixed grains', 'Oats', 'Peas, dry', 'Rye, all', 'Sugar beets', 'Tame hay', 'Wheat, all', 'Wheat, spring', 'Wheat, winter remaining']"
1937,PEI,"['Barley', 'Buckwheat', 'Corn for silage', 'Mixed grains', 'Oats', 'Tame hay', 'Wheat, all']"
1937,PP,"['Barley', 'Corn for silage', 'Flaxseed', 'Mixed grains', 'Oats', 'Peas, dry', 'Rye, all', 'Sugar beets', 'Tame hay', 'Wheat, all']"
1937,QU,"['Barley', 'Beans, all dry (white and coloured)', 'Buckwheat', 'Corn for grain', 'Corn for silage', 'Flaxseed', 'Mixed grains', 'Oats', 'Peas, dry', 'Rye, all', 'Tame hay', 'Wheat, all']"
1937,SK,"['Barley', 'Beans, all dry (white and coloured)', 'Corn for silage', 'Flaxseed', 'Mixed grains', 'Oats', 'Peas, dry', 'Rye, all', 'Rye, fall remaining', 'Rye, spring', 'Tame hay', 'Wheat, all']"
1938,AB,"['Barley', 'Beans, all dry (white and coloured)', 'Corn for silage', 'Flaxseed', 'Mixed grains', 'Oats', 'Peas, dry', 'Rye, all', 'Rye, fall remaining', 'Rye, spring', 'Sugar beets', 'Tame hay', 'Wheat, all']"
1938,BC,"['Barley', 'Beans, all dry (white and coloured)', 'Corn for silage', 'Flaxseed', 'Mixed grains', 'Oats', 'Peas, dry', 'Rye, all', 'Tame hay', 'Wheat, all']"
1938,CA,"['Barley', 'Beans, all dry (white and coloured)', 'Buckwheat', 'Corn for grain', 'Corn for silage', 'Flaxseed', 'Mixed grains', 'Oats', 'Peas, dry', 'Rye, all', 'Rye, fall remaining', 'Rye, spring', 'Sugar beets', 'Tame hay', 'Wheat, all']"
1938,MA,"['Barley', 'Buckwheat', 'Corn for silage', 'Flaxseed', 'Mixed grains', 'Oats', 'Peas, dry', 'Rye, all', 'Rye, fall remaining', 'Rye, spring', 'Tame hay', 'Wheat, all']"
1938,MP,"['Barley', 'Mixed grains', 'Oats', 'Tame hay', 'Wheat, all']"
1938,NB,"['Barley', 'Beans, all dry (white and coloured)', 'Buckwheat', 'Corn for silage', 'Mixed grains', 'Oats', 'Tame hay', 'Wheat, all']"
1938,NS,"['Barley', 'Buckwheat', 'Corn for silage', 'Mixed grains', 'Oats', 'Rye, all', 'Tame hay', 'Wheat, all']"
1938,ON,"['Barley', 'Beans, all dry (white and coloured)', 'Buckwheat', 'Corn for grain', 'Corn for silage', 'Flaxseed', 'Mixed grains', 'Oats', 'Peas, dry', 'Rye, all', 'Sugar beets', 'Tame hay', 'Wheat, all', 'Wheat, spring', 'Wheat, winter remaining']"
1938,PEI,"['Barley', 'Buckwheat', 'Corn for silage', 'Mixed grains', 'Oats', 'Tame hay', 'Wheat, all']"
1938,PP,"['Barley', 'Corn for silage', 'Flaxseed', 'Mixed grains', 'Oats', 'Peas, dry', 'Rye, all', 'Sugar beets', 'Tame hay', 'Wheat, all']"
1938,QU,"['Barley', 'Beans, all dry (white and coloured)', 'Buckwheat', 'Corn for grain', 'Corn for silage', 'Flaxseed', 'Mixed grains', 'Oats', 'Peas, dry', 'Rye, all', 'Tame hay', 'Wheat, all']"
1938,SK,"['Barley', 'Beans, all dry (white and coloured)', 'Corn for silage', 'Flaxseed', 'Mixed grains', 'Oats', 'Peas, dry', 'Rye, all', 'Rye, fall remaining', 'Rye, spring', 'Tame hay', 'Wheat, all']"
1939,AB,"['Barley', 'Beans, all dry (white and coloured)', 'Corn for silage', 'Flaxseed', 'Mixed grains', 'Oats', 'Peas, dry', 'Rye, all', 'Rye, fall remaining', 'Rye, spring', 'Sugar beets', 'Tame hay', 'Wheat, all']"
1939,BC,"['Barley', 'Beans, all dry (white and coloured)', 'Corn for silage', 'Flaxseed', 'Mixed grains', 'Oats', 'Peas, dry', 'Rye, all', 'Tame hay', 'Wheat, all']"
1939,CA,"['Barley', 'Beans, all dry (white and coloured)', 'Buckwheat', 'Corn for grain', 'Corn for silage', 'Flaxseed', 'Mixed grains', 'Oats', 'Peas, dry', 'Rye, all', 'Rye, fall remaining', 'Rye, spring', 'Sugar beets', 'Tame hay', 'Wheat, all']"
1939,MA,"['Barley', 'Buckwheat', 'Corn for silage', 'Flaxseed', 'Mixed grains', 'Oats', 'Peas, dry', 'Rye, all', 'Rye, fall remaining', 'Rye, spring', 'Tame hay', 'Wheat, all']"
1939,MP,"['Barley', 'Mixed grains', 'Oats', 'Tame hay', 'Wheat, all']"
1939,NB,"['Barley', 'Beans, all dry (white and coloured)', 'Buckwheat', 'Corn for silage', 'Mixed grains', 'Oats', 'Tame hay', 'Wheat, all']"
1939,NS,"['Barley', 'Buckwheat', 'Corn for silage', 'Mixed grains', 'Oats', 'Rye, all', 'Tame hay', 'Wheat, all']"
1939,ON,"['Barley', 'Beans, all dry (white and coloured)', 'Buckwheat', 'Corn for grain', 'Corn for silage', 'Flaxseed', 'Mixed grains', 'Oats', 'Peas, dry', 'Rye, all', 'Sugar beets', 'Tame hay', 'Wheat, all', 'Wheat, spring', 'Wheat, winter remaining']"
1939,PEI,"['Barley', 'Buckwheat', 'Corn for silage', 'Mixed grains', 'Oats', 'Tame hay', 'Wheat, all']"
1939,PP,"['Barley', 'Corn for silage', 'Flaxseed', 'Mixed grains', 'Oats', 'Peas, dry', 'Rye, all', 'Sugar beets', 'Tame hay', 'Wheat, all']"
1939,QU,"['Barley', 'Beans, all dry (white and coloured)', 'Buckwheat', 'Corn for grain', 'Corn for silage', 'Flaxseed', 'Mixed grains', 'Oats', 'Peas, dry', 'Rye, all', 'Tame hay', 'Wheat, all']"
1939,SK,"['Barley', 'Corn for silage', 'Flaxseed', 'Mixed grains', 'Oats', 'Peas, dry', 'Rye, all', 'Rye, fall remaining', 'Rye, spring', 'Tame hay', 'Wheat, all']"
1940,AB,"['Barley', 'Beans, all dry (white and coloured)', 'Corn for silage', 'Flaxseed', 'Mixed grains', 'Oats', 'Peas, dry', 'Rye, all', 'Rye, fall remaining', 'Rye, spring', 'Sugar beets', 'Tame hay', 'Wheat, all']"
1940,BC,"['Barley', 'Beans, all dry (white and coloured)', 'Corn for silage', 'Flaxseed', 'Mixed grains', 'Oats', 'Peas, dry', 'Rye, all', 'Tame hay', 'Wheat, all']"
1940,CA,"['Barley', 'Beans, all dry (white and coloured)', 'Buckwheat', 'Corn for grain', 'Corn for silage', 'Flaxseed', 'Mixed grains', 'Oats', 'Peas, dry', 'Rye, all', 'Rye, fall remaining', 'Rye, spring', 'Sugar beets', 'Tame hay', 'Wheat, all']"
1940,MA,"['Barley', 'Buckwheat', 'Corn for silage', 'Flaxseed', 'Mixed grains', 'Oats', 'Peas, dry', 'Rye, all', 'Rye, fall remaining', 'Rye, spring', 'Sugar beets', 'Tame hay', 'Wheat, all']"
1940,MP,"['Barley', 'Mixed grains', 'Oats', 'Tame hay', 'Wheat, all']"
1940,NB,"['Barley', 'Beans, all dry (white and coloured)', 'Buckwheat', 'Corn for silage', 'Mixed grains', 'Oats', 'Tame hay', 'Wheat, all']"
1940,NS,"['Barley', 'Buckwheat', 'Corn for silage', 'Mixed grains', 'Oats', 'Rye, all', 'Tame hay', 'Wheat, all']"
1940,ON,"['Barley', 'Beans, all dry (white and coloured)', 'Buckwheat', 'Corn for grain', 'Corn for silage', 'Flaxseed', 'Mixed grains', 'Oats', 'Peas, dry', 'Rye, all', 'Sugar beets', 'Tame hay', 'Wheat, all', 'Wheat, spring', 'Wheat, winter remaining']"
1940,PEI,"['Barley', 'Buckwheat', 'Corn for silage', 'Mixed grains', 'Oats', 'Tame hay', 'Wheat, all']"
1940,PP,"['Barley', 'Corn for silage', 'Flaxseed', 'Mixed grains', 'Oats', 'Peas, dry', 'Rye, all', 'Sugar beets', 'Tame hay', 'Wheat, all']"
1940,QU,"['Barley', 'Beans, all dry (white and coloured)', 'Buckwheat', 'Corn for grain', 'Corn for silage', 'Flaxseed', 'Mixed grains', 'Oats', 'Peas, dry', 'Rye, all', 'Tame hay', 'Wheat, all']"
1940,SK,"['Barley', 'Corn for silage', 'Flaxseed', 'Mixed grains', 'Oats', 'Peas, dry', 'Rye, all', 'Rye, fall remaining', 'Rye, spring', 'Tame hay', 'Wheat, all']"
1941,AB,"['Barley', 'Corn for silage', 'Flaxseed', 'Mixed grains', 'Oats', 'Peas, dry', 'Rye, all', 'Rye, fall remaining', 'Rye, spring', 'Sugar beets', 'Tame hay', 'Wheat, all']"
1941,BC,"['Barley', 'Corn for silage', 'Flaxseed', 'Mixed grains', 'Oats', 'Peas, dry', 'Rye, all', 'Tame hay', 'Wheat, all']"
1941,CA,"['Barley', 'Beans, all dry (white and coloured)', 'Buckwheat', 'Corn for grain', 'Corn for silage', 'Flaxseed', 'Mixed grains', 'Oats', 'Peas, dry', 'Rye, all', 'Rye, fall remaining', 'Rye, spring', 'Soybeans', 'Sugar beets', 'Tame hay', 'Wheat, all']"
1941,MA,"['Barley', 'Buckwheat', 'Corn for grain', 'Corn for silage', 'Flaxseed', 'Mixed grains', 'Oats', 'Peas, dry', 'Rye, all', 'Rye, fall remaining', 'Rye, spring', 'Sugar beets', 'Tame hay', 'Wheat, all']"
1941,MP,"['Barley', 'Mixed grains', 'Oats', 'Tame hay', 'Wheat, all']"
1941,NB,"['Barley', 'Buckwheat', 'Corn for silage', 'Mixed grains', 'Oats', 'Tame hay', 'Wheat, all']"
1941,NS,"['Barley', 'Corn for silage', 'Mixed grains', 'Oats', 'Rye, all', 'Tame hay', 'Wheat, all']"
1941,ON,"['Barley', 'Beans, all dry (white and coloured)', 'Buckwheat', 'Corn for grain', 'Corn for silage', 'Flaxseed', 'Mixed grains', 'Oats', 'Peas, dry', 'Rye, all', 'Soybeans', 'Sugar beets', 'Tame hay', 'Wheat, all', 'Wheat, spring', 'Wheat, winter remaining']"
1941,PEI,"['Barley', 'Corn for silage', 'Mixed grains', 'Oats', 'Tame hay', 'Wheat, all']"
1941,PP,"['Barley', 'Corn for silage', 'Flaxseed', 'Mixed grains', 'Oats', 'Peas, dry', 'Rye, all', 'Sugar beets', 'Tame hay', 'Wheat, all']"
1941,QU,"['Barley', 'Beans, all dry (white and coloured)', 'Buckwheat', 'Corn for grain', 'Corn for silage', 'Flaxseed', 'Mixed grains', 'Oats', 'Peas, dry', 'Rye, all', 'Tame hay', 'Wheat, all']"
1941,SK,"['Barley', 'Corn for silage', 'Flaxseed', 'Mixed grains', 'Oats', 'Peas, dry', 'Rye, all', 'Rye, fall remaining', 'Rye, spring', 'Tame hay', 'Wheat, all']"
1942,AB,"['Barley', 'Corn for silage', 'Flaxseed', 'Mixed grains', 'Oats', 'Peas, dry', 'Rye, all', 'Rye, fall remaining', 'Rye, spring', 'Sugar beets', 'Tame hay', 'Wheat, all']"
1942,BC,"['Barley', 'Corn for silage', 'Flaxseed', 'Mixed grains', 'Oats', 'Peas, dry', 'Rye, all', 'Tame hay', 'Wheat, all']"
1942,CA,"['Barley', 'Beans, all dry (white and coloured)', 'Buckwheat', 'Corn for grain', 'Corn for silage', 'Flaxseed', 'Mixed grains', 'Oats', 'Peas, dry', 'Rye, all', 'Rye, fall remaining', 'Rye, spring', 'Soybeans', 'Sugar beets', 'Tame hay', 'Wheat, all']"
1942,MA,"['Barley', 'Buckwheat', 'Corn for grain', 'Corn for silage', 'Flaxseed', 'Mixed grains', 'Oats', 'Peas, dry', 'Rye, all', 'Rye, fall remaining', 'Rye, spring', 'Sugar beets', 'Tame hay', 'Wheat, all']"
1942,MP,"['Barley', 'Mixed grains', 'Oats', 'Tame hay', 'Wheat, all']"
1942,NB,"['Barley', 'Buckwheat', 'Corn for silage', 'Mixed grains', 'Oats', 'Tame hay', 'Wheat, all']"
1942,NS,"['Barley', 'Corn for silage', 'Mixed grains', 'Oats', 'Rye, all', 'Tame hay', 'Wheat, all']"
1942,ON,"['Barley', 'Beans, all dry (white and coloured)', 'Buckwheat', 'Corn for grain', 'Corn for silage', 'Flaxseed', 'Mixed grains', 'Oats', 'Peas, dry', 'Rye, all', 'Soybeans', 'Sugar beets', 'Tame hay', 'Wheat, all', 'Wheat, spring', 'Wheat, winter remaining']"
1942,PEI,"['Barley', 'Corn for silage', 'Mixed grains', 'Oats', 'Tame hay', 'Wheat, all']"
1942,PP,"['Barley', 'Corn for silage', 'Flaxseed', 'Mixed grains', 'Oats', 'Peas, dry', 'Rye, all', 'Sugar beets', 'Tame hay', 'Wheat, all']"
1942,QU,"['Barley', 'Beans, all dry (white and coloured)', 'Buckwheat', 'Corn for grain', 'Corn for silage', 'Flaxseed', 'Mixed grains', 'Oats', 'Peas, dry', 'Rye, all', 'Tame hay', 'Wheat, all']"
1942,SK,"['Barley', 'Corn for silage', 'Flaxseed', 'Mixed grains', 'Oats', 'Peas, dry', 'Rye, all', 'Rye, fall remaining', 'Rye, spring', 'Tame hay', 'Wheat, all']"
1943,AB,"['Barley', 'Corn for silage', 'Flaxseed', 'Mixed grains', 'Oats', 'Peas, dry', 'Rye, all', 'Rye, fall remaining', 'Rye, spring', 'Sugar beets', 'Sunflower seed', 'Tame hay', 'Wheat, all']"
1943,BC,"['Barley', 'Corn for silage', 'Flaxseed', 'Mixed grains', 'Oats', 'Peas, dry', 'Rye, all', 'Tame hay', 'Wheat, all']"
1943,CA,"['Barley', 'Beans, all dry (white and coloured)', 'Buckwheat', 'Canola (rapeseed)', 'Corn for grain', 'Corn for silage', 'Flaxseed', 'Mixed grains', 'Oats', 'Peas, dry', 'Rye, all', 'Rye, fall remaining', 'Rye, spring', 'Soybeans', 'Sugar beets', 'Sunflower seed', 'Tame hay', 'Wheat, all']"
1943,MA,"['Barley', 'Buckwheat', 'Canola (rapeseed)', 'Corn for grain', 'Corn for silage', 'Flaxseed', 'Mixed grains', 'Oats', 'Peas, dry', 'Rye, all', 'Rye, fall remaining', 'Rye, spring', 'Sugar beets', 'Sunflower seed', 'Tame hay', 'Wheat, all']"
1943,MP,"['Barley', 'Mixed grains', 'Oats', 'Tame hay', 'Wheat, all']"
1943,NB,"['Barley', 'Buckwheat', 'Corn for silage', 'Mixed grains', 'Oats', 'Tame hay', 'Wheat, all']"
1943,NS,"['Barley', 'Corn for silage', 'Mixed grains', 'Oats', 'Rye, all', 'Tame hay', 'Wheat, all']"
1943,ON,"['Barley', 'Beans, all dry (white and coloured)', 'Buckwheat', 'Corn for grain', 'Corn for silage', 'Flaxseed', 'Mixed grains', 'Oats', 'Peas, dry', 'Rye, all', 'Soybeans', 'Sugar beets', 'Tame hay', 'Wheat, all', 'Wheat, spring', 'Wheat, winter remaining']"
1943,PEI,"['Barley', 'Corn for silage', 'Mixed grains', 'Oats', 'Tame hay', 'Wheat, all']"
1943,PP,"['Barley', 'Canola (rapeseed)', 'Corn for silage', 'Flaxseed', 'Mixed grains', 'Oats', 'Peas, dry', 'Rye, all', 'Sugar beets', 'Tame hay', 'Wheat, all']"
1943,QU,"['Barley', 'Beans, all dry (white and coloured)', 'Buckwheat', 'Corn for grain', 'Corn for silage', 'Flaxseed', 'Mixed grains', 'Oats', 'Peas, dry', 'Rye, all', 'Tame hay', 'Wheat, all']"
1943,SK,"['Barley', 'Canola (rapeseed)', 'Corn for silage', 'Flaxseed', 'Mixed grains', 'Oats', 'Peas, dry', 'Rye, all', 'Rye, fall remaining', 'Rye, spring', 'Sunflower seed', 'Tame hay', 'Wheat, all']"
1944,AB,"['Barley', 'Corn for silage', 'Flaxseed', 'Mixed grains', 'Oats', 'Peas, dry', 'Rye, all', 'Rye, fall remaining', 'Rye, spring', 'Sugar beets', 'Sunflower seed', 'Tame hay', 'Wheat, all']"
1944,BC,"['Barley', 'Corn for silage', 'Flaxseed', 'Mixed grains', 'Oats', 'Peas, dry', 'Rye, all', 'Tame hay', 'Wheat, all']"
1944,CA,"['Barley', 'Beans, all dry (white and coloured)', 'Buckwheat', 'Canola (rapeseed)', 'Corn for grain', 'Corn for silage', 'Flaxseed', 'Mixed grains', 'Oats', 'Peas, dry', 'Rye, all', 'Rye, fall remaining', 'Rye, spring', 'Soybeans', 'Sugar beets', 'Sunflower seed', 'Tame hay', 'Wheat, all']"
1944,MA,"['Barley', 'Buckwheat', 'Canola (rapeseed)', 'Corn for grain', 'Corn for silage', 'Flaxseed', 'Mixed grains', 'Oats', 'Peas, dry', 'Rye, all', 'Rye, fall remaining', 'Rye, spring', 'Sugar beets', 'Sunflower seed', 'Tame hay', 'Wheat, all']"
1944,MP,"['Barley', 'Mixed grains', 'Oats', 'Tame hay', 'Wheat, all']"
1944,NB,"['Barley', 'Buckwheat', 'Corn for silage', 'Mixed grains', 'Oats', 'Tame hay', 'Wheat, all']"
1944,NS,"['Barley', 'Corn for silage', 'Mixed grains', 'Oats', 'Rye, all', 'Tame hay', 'Wheat, all']"
1944,ON,"['Barley', 'Beans, all dry (white and coloured)', 'Buckwheat', 'Corn for grain', 'Corn for silage', 'Flaxseed', 'Mixed grains', 'Oats', 'Peas, dry', 'Rye, all', 'Soybeans', 'Sugar beets', 'Tame hay', 'Wheat, all', 'Wheat, spring', 'Wheat, winter remaining']"
1944,PEI,"['Barley', 'Corn for silage', 'Mixed grains', 'Oats', 'Tame hay', 'Wheat, all']"
1944,PP,"['Barley', 'Canola (rapeseed)', 'Corn for silage', 'Flaxseed', 'Mixed grains', 'Oats', 'Peas, dry', 'Rye, all', 'Sugar beets', 'Tame hay', 'Wheat, all']"
1944,QU,"['Barley', 'Beans, all dry (white and coloured)', 'Buckwheat', 'Corn for grain', 'Corn for silage', 'Flaxseed', 'Mixed grains', 'Oats', 'Peas, dry', 'Rye, all', 'Sugar beets', 'Tame hay', 'Wheat, all']"
1944,SK,"['Barley', 'Canola (rapeseed)', 'Corn for silage', 'Flaxseed', 'Mixed grains', 'Oats', 'Peas, dry', 'Rye, all', 'Rye, fall remaining', 'Rye, spring', 'Sunflower seed', 'Tame hay', 'Wheat, all']"
1945,AB,"['Barley', 'Corn for silage', 'Flaxseed', 'Mixed grains', 'Oats', 'Peas, dry', 'Rye, all', 'Rye, fall remaining', 'Rye, spring', 'Sugar beets', 'Sunflower seed', 'Tame hay', 'Wheat, all']"
1945,BC,"['Barley', 'Corn for silage', 'Flaxseed', 'Mixed grains', 'Oats', 'Peas, dry', 'Rye, all', 'Tame hay', 'Wheat, all']"
1945,CA,"['Barley', 'Beans, all dry (white and coloured)', 'Buckwheat', 'Canola (rapeseed)', 'Corn for grain', 'Corn for silage', 'Flaxseed', 'Mixed grains', 'Oats', 'Peas, dry', 'Rye, all', 'Rye, fall remaining', 'Rye, spring', 'Soybeans', 'Sugar beets', 'Sunflower seed', 'Tame hay', 'Wheat, all']"
1945,MA,"['Barley', 'Buckwheat', 'Canola (rapeseed)', 'Corn for grain', 'Corn for silage', 'Flaxseed', 'Mixed grains', 'Oats', 'Peas, dry', 'Rye, all', 'Rye, fall remaining', 'Rye, spring', 'Sugar beets', 'Sunflower seed', 'Tame hay', 'Wheat, all']"
1945,MP,"['Barley', 'Mixed grains', 'Oats', 'Tame hay', 'Wheat, all']"
1945,NB,"['Barley', 'Buckwheat', 'Corn for silage', 'Mixed grains', 'Oats', 'Tame hay', 'Wheat, all']"
1945,NS,"['Barley', 'Corn for silage', 'Mixed grains', 'Oats', 'Rye, all', 'Tame hay', 'Wheat, all']"
1945,ON,"['Barley', 'Beans, all dry (white and coloured)', 'Buckwheat', 'Corn for grain', 'Corn for silage', 'Flaxseed', 'Mixed grains', 'Oats', 'Peas, dry', 'Rye, all', 'Soybeans', 'Sugar beets', 'Tame hay', 'Wheat, all', 'Wheat, spring', 'Wheat, winter remaining']"
1945,PEI,"['Barley', 'Corn for silage', 'Mixed grains', 'Oats', 'Tame hay', 'Wheat, all']"
1945,PP,"['Barley', 'Canola (rapeseed)', 'Corn for silage', 'Flaxseed', 'Mixed grains', 'Oats', 'Peas, dry', 'Rye, all', 'Sugar beets', 'Tame hay', 'Wheat, all']"
1945,QU,"['Barley', 'Beans, all dry (white and coloured)', 'Buckwheat', 'Corn for grain', 'Corn for silage', 'Flaxseed', 'Mixed grains', 'Oats', 'Peas, dry', 'Rye, all', 'Sugar beets', 'Tame hay', 'Wheat, all']"
1945,SK,"['Barley', 'Canola (rapeseed)', 'Corn for silage', 'Flaxseed', 'Mixed grains', 'Oats', 'Peas, dry', 'Rye, all', 'Rye, fall remaining', 'Rye, spring', 'Sunflower seed', 'Tame hay', 'Wheat, all']"
1946,AB,"['Barley', 'Corn for silage', 'Flaxseed', 'Mixed grains', 'Oats', 'Peas, dry', 'Rye, all', 'Rye, fall remaining', 'Rye, spring', 'Sugar beets', 'Sunflower seed', 'Tame hay', 'Wheat, all']"
1946,BC,"['Barley', 'Corn for silage', 'Flaxseed', 'Mixed grains', 'Oats', 'Peas, dry', 'Rye, all', 'Tame hay', 'Wheat, all']"
1946,CA,"['Barley', 'Beans, all dry (white and coloured)', 'Buckwheat', 'Canola (rapeseed)', 'Corn for grain', 'Corn for silage', 'Flaxseed', 'Mixed grains', 'Oats', 'Peas, dry', 'Rye, all', 'Rye, fall remaining', 'Rye, spring', 'Soybeans', 'Sugar beets', 'Sunflower seed', 'Tame hay', 'Wheat, all']"
1946,MA,"['Barley', 'Buckwheat', 'Canola (rapeseed)', 'Corn for grain', 'Corn for silage', 'Flaxseed', 'Mixed grains', 'Oats', 'Peas, dry', 'Rye, all', 'Rye, fall remaining', 'Rye, spring', 'Sugar beets', 'Sunflower seed', 'Tame hay', 'Wheat, all']"
1946,MP,"['Barley', 'Mixed grains', 'Oats', 'Tame hay', 'Wheat, all']"
1946,NB,"['Barley', 'Buckwheat', 'Corn for silage', 'Mixed grains', 'Oats', 'Tame hay', 'Wheat, all']"
1946,NS,"['Barley', 'Corn for silage', 'Mixed grains', 'Oats', 'Rye, all', 'Tame hay', 'Wheat, all']"
1946,ON,"['Barley', 'Beans, all dry (white and coloured)', 'Buckwheat', 'Corn for grain', 'Corn for silage', 'Flaxseed', 'Mixed grains', 'Oats', 'Peas, dry', 'Rye, all', 'Soybeans', 'Sugar beets', 'Tame hay', 'Wheat, all', 'Wheat, spring', 'Wheat, winter remaining']"
1946,PEI,"['Barley', 'Corn for silage', 'Mixed grains', 'Oats', 'Tame hay', 'Wheat, all']"
1946,PP,"['Barley', 'Canola (rapeseed)', 'Corn for silage', 'Flaxseed', 'Mixed grains', 'Oats', 'Peas, dry', 'Rye, all', 'Sugar beets', 'Tame hay', 'Wheat, all']"
1946,QU,"['Barley', 'Beans, all dry (white and coloured)', 'Buckwheat', 'Corn for grain', 'Corn for silage', 'Flaxseed', 'Mixed grains', 'Oats', 'Peas, dry', 'Rye, all', 'Sugar beets', 'Tame hay', 'Wheat, all']"
1946,SK,"['Barley', 'Canola (rapeseed)', 'Corn for silage', 'Flaxseed', 'Mixed grains', 'Oats', 'Peas, dry', 'Rye, all', 'Rye, fall remaining', 'Rye, spring', 'Sunflower seed', 'Tame hay', 'Wheat, all']"
1947,AB,"['Barley', 'Corn for silage', 'Flaxseed', 'Mixed grains', 'Oats', 'Peas, dry', 'Rye, all', 'Rye, fall remaining', 'Rye, spring', 'Sugar beets', 'Sunflower seed', 'Tame hay', 'Wheat, all']"
1947,BC,"['Barley', 'Corn for silage', 'Flaxseed', 'Mixed grains', 'Oats', 'Peas, dry', 'Rye, all', 'Tame hay', 'Wheat, all']"
1947,CA,"['Barley', 'Beans, all dry (white and coloured)', 'Buckwheat', 'Canola (rapeseed)', 'Corn for grain', 'Corn for silage', 'Flaxseed', 'Mixed grains', 'Oats', 'Peas, dry', 'Rye, all', 'Rye, fall remaining', 'Rye, spring', 'Soybeans', 'Sugar beets', 'Sunflower seed', 'Tame hay', 'Wheat, all']"
1947,MA,"['Barley', 'Buckwheat', 'Canola (rapeseed)', 'Corn for grain', 'Corn for silage', 'Flaxseed', 'Mixed grains', 'Oats', 'Peas, dry', 'Rye, all', 'Rye, fall remaining', 'Rye, spring', 'Sugar beets', 'Sunflower seed', 'Tame hay', 'Wheat, all']"
1947,MP,"['Barley', 'Mixed grains', 'Oats', 'Tame hay', 'Wheat, all']"
1947,NB,"['Barley', 'Buckwheat', 'Corn for silage', 'Mixed grains', 'Oats', 'Tame hay', 'Wheat, all']"
1947,NS,"['Barley', 'Corn for silage', 'Mixed grains', 'Oats', 'Rye, all', 'Tame hay', 'Wheat, all']"
1947,ON,"['Barley', 'Beans, all dry (white and coloured)', 'Buckwheat', 'Corn for grain', 'Corn for silage', 'Flaxseed', 'Mixed grains', 'Oats', 'Peas, dry', 'Rye, all', 'Soybeans', 'Sugar beets', 'Tame hay', 'Wheat, all', 'Wheat, spring', 'Wheat, winter remaining']"
1947,PEI,"['Barley', 'Corn for silage', 'Mixed grains', 'Oats', 'Tame hay', 'Wheat, all']"
1947,PP,"['Barley', 'Canola (rapeseed)', 'Corn for silage', 'Flaxseed', 'Mixed grains', 'Oats', 'Peas, dry', 'Rye, all', 'Sugar beets', 'Tame hay', 'Wheat, all']"
1947,QU,"['Barley', 'Beans, all dry (white and coloured)', 'Buckwheat', 'Corn for grain', 'Corn for silage', 'Flaxseed', 'Mixed grains', 'Oats', 'Peas, dry', 'Rye, all', 'Sugar beets', 'Tame hay', 'Wheat, all']"
1947,SK,"['Barley', 'Canola (rapeseed)', 'Corn for silage', 'Flaxseed', 'Mixed grains', 'Oats', 'Peas, dry', 'Rye, all', 'Rye, fall remaining', 'Rye, spring', 'Sunflower seed', 'Tame hay', 'Wheat, all']"
1948,AB,"['Barley', 'Corn for silage', 'Flaxseed', 'Mixed grains', 'Oats', 'Peas, dry', 'Rye, all', 'Rye, fall remaining', 'Rye, spring', 'Sugar beets', 'Sunflower seed', 'Tame hay', 'Wheat, all']"
1948,BC,"['Barley', 'Corn for silage', 'Flaxseed', 'Mixed grains', 'Oats', 'Peas, dry', 'Rye, all', 'Tame hay', 'Wheat, all']"
1948,CA,"['Barley', 'Beans, all dry (white and coloured)', 'Buckwheat', 'Canola (rapeseed)', 'Corn for grain', 'Corn for silage', 'Flaxseed', 'Mixed grains', 'Oats', 'Peas, dry', 'Rye, all', 'Rye, fall remaining', 'Rye, spring', 'Soybeans', 'Sugar beets', 'Sunflower seed', 'Tame hay', 'Wheat, all']"
1948,MA,"['Barley', 'Buckwheat', 'Canola (rapeseed)', 'Corn for grain', 'Corn for silage', 'Flaxseed', 'Mixed grains', 'Oats', 'Peas, dry', 'Rye, all', 'Rye, fall remaining', 'Rye, spring', 'Sugar beets', 'Sunflower seed', 'Tame hay', 'Wheat, all']"
1948,MP,"['Barley', 'Mixed grains', 'Oats', 'Tame hay', 'Wheat, all']"
1948,NB,"['Barley', 'Buckwheat', 'Corn for silage', 'Mixed grains', 'Oats', 'Tame hay', 'Wheat, all']"
1948,NS,"['Barley', 'Corn for silage', 'Mixed grains', 'Oats', 'Rye, all', 'Tame hay', 'Wheat, all']"
1948,ON,"['Barley', 'Beans, all dry (white and coloured)', 'Buckwheat', 'Corn for grain', 'Corn for silage', 'Flaxseed', 'Mixed grains', 'Oats', 'Peas, dry', 'Rye, all', 'Soybeans', 'Sugar beets', 'Tame hay', 'Wheat, all', 'Wheat, spring', 'Wheat, winter remaining']"
1948,PEI,"['Barley', 'Corn for silage', 'Mixed grains', 'Oats', 'Tame hay', 'Wheat, all']"
1948,PP,"['Barley', 'Canola (rapeseed)', 'Corn for silage', 'Flaxseed', 'Mixed grains', 'Oats', 'Peas, dry', 'Rye, all', 'Sugar beets', 'Tame hay', 'Wheat, all']"
1948,QU,"['Barley', 'Beans, all dry (white and coloured)', 'Buckwheat', 'Corn for grain', 'Corn for silage', 'Flaxseed', 'Mixed grains', 'Oats', 'Peas, dry', 'Rye, all', 'Sugar beets', 'Tame hay', 'Wheat, all']"
1948,SK,"['Barley', 'Canola (rapeseed)', 'Corn for silage', 'Flaxseed', 'Mixed grains', 'Oats', 'Peas, dry', 'Rye, all', 'Rye, fall remaining', 'Rye, spring', 'Sunflower seed', 'Tame hay', 'Wheat, all']"
1949,AB,"['Barley', 'Corn for silage', 'Flaxseed', 'Mixed grains', 'Oats', 'Peas, dry', 'Rye, all', 'Rye, fall remaining', 'Rye, spring', 'Sugar beets', 'Sunflower seed', 'Tame hay', 'Wheat, all']"
1949,BC,"['Barley', 'Corn for silage', 'Flaxseed', 'Mixed grains', 'Oats', 'Peas, dry', 'Rye, all', 'Tame hay', 'Wheat, all']"
1949,CA,"['Barley', 'Beans, all dry (white and coloured)', 'Buckwheat', 'Canola (rapeseed)', 'Corn for grain', 'Corn for silage', 'Flaxseed', 'Mixed grains', 'Oats', 'Peas, dry', 'Rye, all', 'Rye, fall remaining', 'Rye, spring', 'Soybeans', 'Sugar beets', 'Sunflower seed', 'Tame hay', 'Wheat, all']"
1949,MA,"['Barley', 'Buckwheat', 'Canola (rapeseed)', 'Corn for grain', 'Corn for silage', 'Flaxseed', 'Mixed grains', 'Oats', 'Peas, dry', 'Rye, all', 'Rye, fall remaining', 'Rye, spring', 'Sugar beets', 'Sunflower seed', 'Tame hay', 'Wheat, all']"
1949,MP,"['Barley', 'Mixed grains', 'Oats', 'Tame hay', 'Wheat, all']"
1949,NB,"['Barley', 'Buckwheat', 'Corn for silage', 'Mixed grains', 'Oats', 'Tame hay', 'Wheat, all']"
1949,NS,"['Barley', 'Corn for silage', 'Mixed grains', 'Oats', 'Rye, all', 'Tame hay', 'Wheat, all']"
1949,ON,"['Barley', 'Beans, all dry (white and coloured)', 'Buckwheat', 'Corn for grain', 'Corn for silage', 'Flaxseed', 'Mixed grains', 'Oats', 'Peas, dry', 'Rye, all', 'Soybeans', 'Sugar beets', 'Tame hay', 'Wheat, all', 'Wheat, spring', 'Wheat, winter remaining']"
1949,PEI,"['Barley', 'Corn for silage', 'Mixed grains', 'Oats', 'Tame hay', 'Wheat, all']"
1949,PP,"['Barley', 'Canola (rapeseed)', 'Corn for silage', 'Flaxseed', 'Mixed grains', 'Oats', 'Peas, dry', 'Rye, all', 'Sugar beets', 'Tame hay', 'Wheat, all']"
1949,QU,"['Barley', 'Beans, all dry (white and coloured)', 'Buckwheat', 'Corn for grain', 'Corn for silage', 'Flaxseed', 'Mixed grains', 'Oats', 'Peas, dry', 'Rye, all', 'Sugar beets', 'Tame hay', 'Wheat, all']"
1949,SK,"['Barley', 'Canola (rapeseed)', 'Corn for silage', 'Flaxseed', 'Mixed grains', 'Oats', 'Peas, dry', 'Rye, all', 'Rye, fall remaining', 'Rye, spring', 'Sunflower seed', 'Tame hay', 'Wheat, all']"
1950,AB,"['Barley', 'Corn for silage', 'Flaxseed', 'Mixed grains', 'Mustard seed', 'Oats', 'Peas, dry', 'Rye, all', 'Rye, fall remaining', 'Rye, spring', 'Sugar beets', 'Sunflower seed', 'Tame hay', 'Wheat, all']"
1950,BC,"['Barley', 'Corn for silage', 'Flaxseed', 'Mixed grains', 'Oats', 'Peas, dry', 'Rye, all', 'Tame hay', 'Wheat, all']"
1950,CA,"['Barley', 'Beans, all dry (white and coloured)', 'Buckwheat', 'Canola (rapeseed)', 'Corn for grain', 'Corn for silage', 'Flaxseed', 'Mixed grains', 'Mustard seed', 'Oats', 'Peas, dry', 'Rye, all', 'Rye, fall remaining', 'Rye, spring', 'Soybeans', 'Sugar beets', 'Sunflower seed', 'Tame hay', 'Wheat, all']"
1950,MA,"['Barley', 'Buckwheat', 'Canola (rapeseed)', 'Corn for grain', 'Corn for silage', 'Flaxseed', 'Mixed grains', 'Oats', 'Peas, dry', 'Rye, all', 'Rye, fall remaining', 'Rye, spring', 'Sugar beets', 'Sunflower seed', 'Tame hay', 'Wheat, all']"
1950,MP,"['Barley', 'Mixed grains', 'Oats', 'Tame hay', 'Wheat, all']"
1950,NB,"['Barley', 'Buckwheat', 'Corn for silage', 'Mixed grains', 'Oats', 'Tame hay', 'Wheat, all']"
1950,NS,"['Barley', 'Corn for silage', 'Mixed grains', 'Oats', 'Rye, all', 'Tame hay', 'Wheat, all']"
1950,ON,"['Barley', 'Beans, all dry (white and coloured)', 'Buckwheat', 'Corn for grain', 'Corn for silage', 'Flaxseed', 'Mixed grains', 'Oats', 'Peas, dry', 'Rye, all', 'Soybeans', 'Sugar beets', 'Tame hay', 'Wheat, all', 'Wheat, spring', 'Wheat, winter remaining']"
1950,PEI,"['Barley', 'Corn for silage', 'Mixed grains', 'Oats', 'Tame hay', 'Wheat, all']"
1950,PP,"['Barley', 'Canola (rapeseed)', 'Corn for silage', 'Flaxseed', 'Mixed grains', 'Oats', 'Peas, dry', 'Rye, all', 'Sugar beets', 'Tame hay', 'Wheat, all']"
1950,QU,"['Barley', 'Beans, all dry (white and coloured)', 'Buckwheat', 'Corn for grain', 'Corn for silage', 'Flaxseed', 'Mixed grains', 'Oats', 'Peas, dry', 'Rye, all', 'Sugar beets', 'Tame hay', 'Wheat, all']"
1950,SK,"['Barley', 'Canola (rapeseed)', 'Corn for silage', 'Flaxseed', 'Mixed grains', 'Oats', 'Peas, dry', 'Rye, all', 'Rye, fall remaining', 'Rye, spring', 'Sunflower seed', 'Tame hay', 'Wheat, all']"
1951,AB,"['Barley', 'Corn for silage', 'Flaxseed', 'Mixed grains', 'Mustard seed', 'Oats', 'Peas, dry', 'Rye, all', 'Rye, fall remaining', 'Rye, spring', 'Sugar beets', 'Sunflower seed', 'Tame hay', 'Wheat, all']"
1951,BC,"['Barley', 'Corn for silage', 'Flaxseed', 'Mixed grains', 'Oats', 'Peas, dry', 'Rye, all', 'Tame hay', 'Wheat, all']"
1951,CA,"['Barley', 'Beans, all dry (white and coloured)', 'Buckwheat', 'Canola (rapeseed)', 'Corn for grain', 'Corn for silage', 'Flaxseed', 'Mixed grains', 'Mustard seed', 'Oats', 'Peas, dry', 'Rye, all', 'Rye, fall remaining', 'Rye, spring', 'Soybeans', 'Sugar beets', 'Sunflower seed', 'Tame hay', 'Wheat, all']"
1951,MA,"['Barley', 'Buckwheat', 'Canola (rapeseed)', 'Corn for grain', 'Corn for silage', 'Flaxseed', 'Mixed grains', 'Oats', 'Peas, dry', 'Rye, all', 'Rye, fall remaining', 'Rye, spring', 'Sugar beets', 'Sunflower seed', 'Tame hay', 'Wheat, all']"
1951,MP,"['Barley', 'Mixed grains', 'Oats', 'Tame hay', 'Wheat, all']"
1951,NB,"['Barley', 'Buckwheat', 'Corn for silage', 'Mixed grains', 'Oats', 'Tame hay', 'Wheat, all']"
1951,NS,"['Barley', 'Corn for silage', 'Mixed grains', 'Oats', 'Rye, all', 'Tame hay', 'Wheat, all']"
1951,ON,"['Barley', 'Beans, all dry (white and coloured)', 'Buckwheat', 'Corn for grain', 'Corn for silage', 'Flaxseed', 'Mixed grains', 'Oats', 'Peas, dry', 'Rye, all', 'Soybeans', 'Sugar beets', 'Tame hay', 'Wheat, all', 'Wheat, spring', 'Wheat, winter remaining']"
1951,PEI,"['Barley', 'Corn for silage', 'Mixed grains', 'Oats', 'Tame hay', 'Wheat, all']"
1951,PP,"['Barley', 'Canola (rapeseed)', 'Corn for silage', 'Flaxseed', 'Mixed grains', 'Oats', 'Peas, dry', 'Rye, all', 'Sugar beets', 'Tame hay', 'Wheat, all']"
1951,QU,"['Barley', 'Beans, all dry (white and coloured)', 'Buckwheat', 'Corn for grain', 'Corn for silage', 'Flaxseed', 'Mixed grains', 'Oats', 'Peas, dry', 'Rye, all', 'Sugar beets', 'Tame hay', 'Wheat, all']"
1951,SK,"['Barley', 'Canola (rapeseed)', 'Corn for silage', 'Flaxseed', 'Mixed grains', 'Oats', 'Peas, dry', 'Rye, all', 'Rye, fall remaining', 'Rye, spring', 'Sunflower seed', 'Tame hay', 'Wheat, all']"
1952,AB,"['Barley', 'Corn for silage', 'Flaxseed', 'Mixed grains', 'Mustard seed', 'Oats', 'Peas, dry', 'Rye, all', 'Rye, fall remaining', 'Rye, spring', 'Sugar beets', 'Sunflower seed', 'Tame hay', 'Wheat, all']"
1952,BC,"['Barley', 'Corn for silage', 'Flaxseed', 'Mixed grains', 'Oats', 'Peas, dry', 'Rye, all', 'Tame hay', 'Wheat, all']"
1952,CA,"['Barley', 'Beans, all dry (white and coloured)', 'Buckwheat', 'Canola (rapeseed)', 'Corn for grain', 'Corn for silage', 'Flaxseed', 'Mixed grains', 'Mustard seed', 'Oats', 'Peas, dry', 'Rye, all', 'Rye, fall remaining', 'Rye, spring', 'Soybeans', 'Sugar beets', 'Sunflower seed', 'Tame hay', 'Wheat, all']"
1952,MA,"['Barley', 'Buckwheat', 'Canola (rapeseed)', 'Corn for grain', 'Corn for silage', 'Flaxseed', 'Mixed grains', 'Mustard seed', 'Oats', 'Peas, dry', 'Rye, all', 'Rye, fall remaining', 'Rye, spring', 'Sugar beets', 'Sunflower seed', 'Tame hay', 'Wheat, all']"
1952,MP,"['Barley', 'Mixed grains', 'Oats', 'Tame hay', 'Wheat, all']"
1952,NB,"['Barley', 'Buckwheat', 'Corn for silage', 'Mixed grains', 'Oats', 'Tame hay', 'Wheat, all']"
1952,NS,"['Barley', 'Corn for silage', 'Mixed grains', 'Oats', 'Rye, all', 'Tame hay', 'Wheat, all']"
1952,ON,"['Barley', 'Beans, all dry (white and coloured)', 'Buckwheat', 'Corn for grain', 'Corn for silage', 'Flaxseed', 'Mixed grains', 'Oats', 'Peas, dry', 'Rye, all', 'Soybeans', 'Sugar beets', 'Tame hay', 'Wheat, all', 'Wheat, spring', 'Wheat, winter remaining']"
1952,PEI,"['Barley', 'Corn for silage', 'Mixed grains', 'Oats', 'Tame hay', 'Wheat, all']"
1952,PP,"['Barley', 'Canola (rapeseed)', 'Corn for silage', 'Flaxseed', 'Mixed grains', 'Oats', 'Peas, dry', 'Rye, all', 'Sugar beets', 'Tame hay', 'Wheat, all']"
1952,QU,"['Barley', 'Beans, all dry (white and coloured)', 'Buckwheat', 'Corn for grain', 'Corn for silage', 'Flaxseed', 'Mixed grains', 'Oats', 'Peas, dry', 'Rye, all', 'Sugar beets', 'Tame hay', 'Wheat, all']"
1952,SK,"['Barley', 'Canola (rapeseed)', 'Corn for silage', 'Flaxseed', 'Mixed grains', 'Oats', 'Peas, dry', 'Rye, all', 'Rye, fall remaining', 'Rye, spring', 'Sunflower seed', 'Tame hay', 'Wheat, all']"
1953,AB,"['Barley', 'Corn for silage', 'Flaxseed', 'Mixed grains', 'Mustard seed', 'Oats', 'Peas, dry', 'Rye, all', 'Rye, fall remaining', 'Rye, spring', 'Sugar beets', 'Sunflower seed', 'Tame hay', 'Wheat, all']"
1953,BC,"['Barley', 'Corn for silage', 'Flaxseed', 'Mixed grains', 'Oats', 'Peas, dry', 'Rye, all', 'Tame hay', 'Wheat, all']"
1953,CA,"['Barley', 'Beans, all dry (white and coloured)', 'Buckwheat', 'Canola (rapeseed)', 'Corn for grain', 'Corn for silage', 'Flaxseed', 'Mixed grains', 'Mustard seed', 'Oats', 'Peas, dry', 'Rye, all', 'Rye, fall remaining', 'Rye, spring', 'Soybeans', 'Sugar beets', 'Sunflower seed', 'Tame hay', 'Wheat, all']"
1953,MA,"['Barley', 'Buckwheat', 'Canola (rapeseed)', 'Corn for grain', 'Corn for silage', 'Flaxseed', 'Mixed grains', 'Mustard seed', 'Oats', 'Peas, dry', 'Rye, all', 'Rye, fall remaining', 'Rye, spring', 'Sugar beets', 'Sunflower seed', 'Tame hay', 'Wheat, all']"
1953,MP,"['Barley', 'Mixed grains', 'Oats', 'Tame hay', 'Wheat, all']"
1953,NB,"['Barley', 'Buckwheat', 'Corn for silage', 'Mixed grains', 'Oats', 'Tame hay', 'Wheat, all']"
1953,NS,"['Barley', 'Corn for silage', 'Mixed grains', 'Oats', 'Rye, all', 'Tame hay', 'Wheat, all']"
1953,ON,"['Barley', 'Beans, all dry (white and coloured)', 'Buckwheat', 'Corn for grain', 'Corn for silage', 'Flaxseed', 'Mixed grains', 'Oats', 'Peas, dry', 'Rye, all', 'Soybeans', 'Sugar beets', 'Tame hay', 'Wheat, all', 'Wheat, spring', 'Wheat, winter remaining']"
1953,PEI,"['Barley', 'Corn for silage', 'Mixed grains', 'Oats', 'Tame hay', 'Wheat, all']"
1953,PP,"['Barley', 'Canola (rapeseed)', 'Corn for silage', 'Flaxseed', 'Mixed grains', 'Oats', 'Peas, dry', 'Rye, all', 'Sugar beets', 'Tame hay', 'Wheat, all']"
1953,QU,"['Barley', 'Beans, all dry (white and coloured)', 'Buckwheat', 'Corn for grain', 'Corn for silage', 'Flaxseed', 'Mixed grains', 'Oats', 'Peas, dry', 'Rye, all', 'Sugar beets', 'Tame hay', 'Wheat, all']"
1953,SK,"['Barley', 'Canola (rapeseed)', 'Corn for silage', 'Flaxseed', 'Mixed grains', 'Oats', 'Peas, dry', 'Rye, all', 'Rye, fall remaining', 'Rye, spring', 'Sunflower seed', 'Tame hay', 'Wheat, all']"
1954,AB,"['Barley', 'Corn for silage', 'Flaxseed', 'Mixed grains', 'Mustard seed', 'Oats', 'Peas, dry', 'Rye, all', 'Rye, fall remaining', 'Rye, spring', 'Sugar beets', 'Sunflower seed', 'Tame hay', 'Wheat, all', 'Barley', 'Canola (rapeseed)', 'Corn for silage', 'Flaxseed', 'Mixed grains', 'Mustard seed', 'Oats', 'Peas, dry', 'Rye, all', 'Rye, fall remaining', 'Rye, spring', 'Sugar beets', 'Sunflower seed', 'Tame hay', 'Wheat, all']"
1954,BC,"['Barley', 'Corn for silage', 'Flaxseed', 'Mixed grains', 'Oats', 'Peas, dry', 'Rye, all', 'Tame hay', 'Wheat, all', 'Barley', 'Corn for silage', 'Flaxseed', 'Mixed grains', 'Oats', 'Peas, dry', 'Rye, all', 'Tame hay', 'Wheat, all']"
1954,CA,"['Barley', 'Beans, all dry (white and coloured)', 'Buckwheat', 'Canola (rapeseed)', 'Corn for grain', 'Corn for silage', 'Flaxseed', 'Mixed grains', 'Mustard seed', 'Oats', 'Peas, dry', 'Rye, all', 'Rye, fall remaining', 'Rye, spring', 'Soybeans', 'Sugar beets', 'Sunflower seed', 'Tame hay', 'Wheat, all', 'Barley', 'Beans, all dry (white and coloured)', 'Buckwheat', 'Canola (rapeseed)', 'Corn for grain', 'Corn for silage', 'Flaxseed', 'Mixed grains', 'Mustard seed', 'Oats', 'Peas, dry', 'Rye, all', 'Rye, fall remaining', 'Rye, spring', 'Soybeans', 'Sugar beets', 'Sunflower seed', 'Tame hay', 'Wheat, all']"
1954,MA,"['Barley', 'Buckwheat', 'Canola (rapeseed)', 'Corn for grain', 'Corn for silage', 'Flaxseed', 'Mixed grains', 'Mustard seed', 'Oats', 'Peas, dry', 'Rye, all', 'Rye, fall remaining', 'Rye, spring', 'Sugar beets', 'Sunflower seed', 'Tame hay', 'Wheat, all', 'Barley', 'Buckwheat', 'Canola (rapeseed)', 'Corn for grain', 'Corn for silage', 'Flaxseed', 'Mixed grains', 'Mustard seed', 'Oats', 'Peas, dry', 'Rye, all', 'Rye, fall remaining', 'Rye, spring', 'Sugar beets', 'Sunflower seed', 'Tame hay', 'Wheat, all']"
1954,MP,"['Barley', 'Mixed grains', 'Oats', 'Tame hay', 'Wheat, all', 'Barley', 'Mixed grains', 'Oats', 'Tame hay', 'Wheat, all']"
1954,NB,"['Barley', 'Buckwheat', 'Corn for silage', 'Mixed grains', 'Oats', 'Tame hay', 'Wheat, all', 'Barley', 'Buckwheat', 'Corn for silage', 'Mixed grains', 'Oats', 'Tame hay', 'Wheat, all']"
1954,NS,"['Barley', 'Corn for silage', 'Mixed grains', 'Oats', 'Rye, all', 'Tame hay', 'Wheat, all', 'Barley', 'Corn for silage', 'Mixed grains', 'Oats', 'Rye, all', 'Tame hay', 'Wheat, all']"
1954,ON,"['Barley', 'Beans, all dry (white and coloured)', 'Buckwheat', 'Corn for grain', 'Corn for silage', 'Flaxseed', 'Mixed grains', 'Oats', 'Peas, dry', 'Rye, all', 'Soybeans', 'Sugar beets', 'Tame hay', 'Wheat, all', 'Wheat, spring', 'Wheat, winter remaining', 'Barley', 'Beans, all dry (white and coloured)', 'Buckwheat', 'Corn for grain', 'Corn for silage', 'Flaxseed', 'Mixed grains', 'Oats', 'Peas, dry', 'Rye, all', 'Soybeans', 'Sugar beets', 'Tame hay', 'Wheat, all', 'Wheat, spring', 'Wheat, winter remaining']"
1954,PEI,"['Barley', 'Corn for silage', 'Mixed grains', 'Oats', 'Tame hay', 'Wheat, all', 'Barley', 'Corn for silage', 'Mixed grains', 'Oats', 'Tame hay', 'Wheat, all']"
1954,PP,"['Barley', 'Canola (rapeseed)', 'Corn for silage', 'Flaxseed', 'Mixed grains', 'Oats', 'Peas, dry', 'Rye, all', 'Sugar beets', 'Tame hay', 'Wheat, all', 'Barley', 'Canola (rapeseed)', 'Corn for silage', 'Flaxseed', 'Mixed grains', 'Oats', 'Peas, dry', 'Rye, all', 'Sugar beets', 'Tame hay', 'Wheat, all']"
1954,QU,"['Barley', 'Beans, all dry (white and coloured)', 'Buckwheat', 'Corn for grain', 'Corn for silage', 'Flaxseed', 'Mixed grains', 'Oats', 'Peas, dry', 'Rye, all', 'Sugar beets', 'Tame hay', 'Wheat, all', 'Barley', 'Beans, all dry (white and coloured)', 'Buckwheat', 'Corn for grain', 'Corn for silage', 'Flaxseed', 'Mixed grains', 'Oats', 'Peas, dry', 'Rye, all', 'Sugar beets', 'Tame hay', 'Wheat, all']"
1954,SK,"['Barley', 'Canola (rapeseed)', 'Corn for silage', 'Flaxseed', 'Mixed grains', 'Oats', 'Peas, dry', 'Rye, all', 'Rye, fall remaining', 'Rye, spring', 'Sunflower seed', 'Tame hay', 'Wheat, all', nan, 'Barley', 'Canola (rapeseed)', 'Corn for silage', 'Flaxseed', 'Mixed grains', 'Oats', 'Peas, dry', 'Rye, all', 'Rye, fall remaining', 'Rye, spring', 'Sunflower seed', 'Tame hay', 'Wheat, all']"
1956,AB,"['Barley', 'Canola (rapeseed)', 'Corn for silage', 'Flaxseed', 'Mixed grains', 'Mustard seed', 'Oats', 'Peas, dry', 'Rye, all', 'Rye, fall remaining', 'Rye, spring', 'Sugar beets', 'Sunflower seed', 'Tame hay', 'Wheat, all']"
1956,BC,"['Barley', 'Corn for silage', 'Flaxseed', 'Mixed grains', 'Oats', 'Peas, dry', 'Rye, all', 'Tame hay', 'Wheat, all']"
1956,CA,"['Barley', 'Beans, all dry (white and coloured)', 'Buckwheat', 'Canola (rapeseed)', 'Corn for grain', 'Corn for silage', 'Flaxseed', 'Mixed grains', 'Mustard seed', 'Oats', 'Peas, dry', 'Rye, all', 'Rye, fall remaining', 'Rye, spring', 'Soybeans', 'Sugar beets', 'Sunflower seed', 'Tame hay', 'Wheat, all']"
1956,MA,"['Barley', 'Buckwheat', 'Canola (rapeseed)', 'Corn for grain', 'Corn for silage', 'Flaxseed', 'Mixed grains', 'Mustard seed', 'Oats', 'Peas, dry', 'Rye, all', 'Rye, fall remaining', 'Rye, spring', 'Soybeans', 'Sugar beets', 'Sunflower seed', 'Tame hay', 'Wheat, all']"
1956,MP,"['Barley', 'Mixed grains', 'Oats', 'Tame hay', 'Wheat, all']"
1956,NB,"['Barley', 'Buckwheat', 'Corn for silage', 'Mixed grains', 'Oats', 'Tame hay', 'Wheat, all']"
1956,NS,"['Barley', 'Corn for silage', 'Mixed grains', 'Oats', 'Rye, all', 'Tame hay', 'Wheat, all']"
1956,ON,"['Barley', 'Beans, all dry (white and coloured)', 'Buckwheat', 'Corn for grain', 'Corn for silage', 'Flaxseed', 'Mixed grains', 'Oats', 'Peas, dry', 'Rye, all', 'Soybeans', 'Sugar beets', 'Tame hay', 'Wheat, all', 'Wheat, spring', 'Wheat, winter remaining']"
1956,PEI,"['Barley', 'Corn for silage', 'Mixed grains', 'Oats', 'Tame hay', 'Wheat, all']"
1956,PP,"['Barley', 'Canola (rapeseed)', 'Corn for silage', 'Flaxseed', 'Mixed grains', 'Oats', 'Peas, dry', 'Rye, all', 'Sugar beets', 'Tame hay', 'Wheat, all']"
1956,QU,"['Barley', 'Beans, all dry (white and coloured)', 'Buckwheat', 'Corn for grain', 'Corn for silage', 'Flaxseed', 'Mixed grains', 'Oats', 'Peas, dry', 'Rye, all', 'Sugar beets', 'Tame hay', 'Wheat, all']"
1956,SK,"['Barley', 'Canola (rapeseed)', 'Corn for silage', 'Flaxseed', 'Mixed grains', 'Oats', 'Peas, dry', 'Rye, all', 'Rye, fall remaining', 'Rye, spring', 'Sunflower seed', 'Tame hay', 'Wheat, all']"
1957,AB,"['Barley', 'Canola (rapeseed)', 'Corn for silage', 'Flaxseed', 'Mixed grains', 'Mustard seed', 'Oats', 'Peas, dry', 'Rye, all', 'Rye, fall remaining', 'Rye, spring', 'Sugar beets', 'Sunflower seed', 'Tame hay', 'Wheat, all']"
1957,BC,"['Barley', 'Corn for silage', 'Flaxseed', 'Mixed grains', 'Oats', 'Peas, dry', 'Rye, all', 'Tame hay', 'Wheat, all']"
1957,CA,"['Barley', 'Beans, all dry (white and coloured)', 'Buckwheat', 'Canola (rapeseed)', 'Corn for grain', 'Corn for silage', 'Flaxseed', 'Mixed grains', 'Mustard seed', 'Oats', 'Peas, dry', 'Rye, all', 'Rye, fall remaining', 'Rye, spring', 'Soybeans', 'Sugar beets', 'Sunflower seed', 'Tame hay', 'Wheat, all']"
1957,MA,"['Barley', 'Buckwheat', 'Canola (rapeseed)', 'Corn for grain', 'Corn for silage', 'Flaxseed', 'Mixed grains', 'Mustard seed', 'Oats', 'Peas, dry', 'Rye, all', 'Rye, fall remaining', 'Rye, spring', 'Soybeans', 'Sugar beets', 'Sunflower seed', 'Tame hay', 'Wheat, all']"
1957,MP,"['Barley', 'Mixed grains', 'Oats', 'Tame hay', 'Wheat, all']"
1957,NB,"['Barley', 'Buckwheat', 'Corn for silage', 'Mixed grains', 'Oats', 'Tame hay', 'Wheat, all']"
1957,NS,"['Barley', 'Corn for silage', 'Mixed grains', 'Oats', 'Rye, all', 'Tame hay', 'Wheat, all']"
1957,ON,"['Barley', 'Beans, all dry (white and coloured)', 'Buckwheat', 'Corn for grain', 'Corn for silage', 'Flaxseed', 'Mixed grains', 'Oats', 'Peas, dry', 'Rye, all', 'Soybeans', 'Sugar beets', 'Tame hay', 'Wheat, all', 'Wheat, spring', 'Wheat, winter remaining']"
1957,PEI,"['Barley', 'Corn for silage', 'Mixed grains', 'Oats', 'Tame hay', 'Wheat, all']"
1957,PP,"['Barley', 'Canola (rapeseed)', 'Corn for silage', 'Flaxseed', 'Mixed grains', 'Oats', 'Peas, dry', 'Rye, all', 'Sugar beets', 'Tame hay', 'Wheat, all']"
1957,QU,"['Barley', 'Beans, all dry (white and coloured)', 'Buckwheat', 'Corn for grain', 'Corn for silage', 'Flaxseed', 'Mixed grains', 'Oats', 'Peas, dry', 'Rye, all', 'Sugar beets', 'Tame hay', 'Wheat, all']"
1957,SK,"['Barley', 'Canola (rapeseed)', 'Corn for silage', 'Flaxseed', 'Mixed grains', 'Oats', 'Peas, dry', 'Rye, all', 'Rye, fall remaining', 'Rye, spring', 'Sunflower seed', 'Tame hay', 'Wheat, all']"
1958,AB,"['Barley', 'Canola (rapeseed)', 'Corn for silage', 'Flaxseed', 'Mixed grains', 'Mustard seed', 'Oats', 'Peas, dry', 'Rye, all', 'Rye, fall remaining', 'Rye, spring', 'Sugar beets', 'Sunflower seed', 'Tame hay', 'Wheat, all']"
1958,BC,"['Barley', 'Corn for silage', 'Flaxseed', 'Mixed grains', 'Oats', 'Peas, dry', 'Rye, all', 'Tame hay', 'Wheat, all']"
1958,CA,"['Barley', 'Beans, all dry (white and coloured)', 'Buckwheat', 'Canola (rapeseed)', 'Corn for grain', 'Corn for silage', 'Flaxseed', 'Mixed grains', 'Mustard seed', 'Oats', 'Peas, dry', 'Rye, all', 'Rye, fall remaining', 'Rye, spring', 'Soybeans', 'Sugar beets', 'Sunflower seed', 'Tame hay', 'Wheat, all']"
1958,MA,"['Barley', 'Buckwheat', 'Canola (rapeseed)', 'Corn for grain', 'Corn for silage', 'Flaxseed', 'Mixed grains', 'Mustard seed', 'Oats', 'Peas, dry', 'Rye, all', 'Rye, fall remaining', 'Rye, spring', 'Soybeans', 'Sugar beets', 'Sunflower seed', 'Tame hay', 'Wheat, all']"
1958,MP,"['Barley', 'Mixed grains', 'Oats', 'Tame hay', 'Wheat, all']"
1958,NB,"['Barley', 'Buckwheat', 'Corn for silage', 'Mixed grains', 'Oats', 'Tame hay', 'Wheat, all']"
1958,NS,"['Barley', 'Corn for silage', 'Mixed grains', 'Oats', 'Rye, all', 'Tame hay', 'Wheat, all']"
1958,ON,"['Barley', 'Beans, all dry (white and coloured)', 'Buckwheat', 'Corn for grain', 'Corn for silage', 'Flaxseed', 'Mixed grains', 'Oats', 'Peas, dry', 'Rye, all', 'Soybeans', 'Sugar beets', 'Tame hay', 'Wheat, all', 'Wheat, spring', 'Wheat, winter remaining']"
1958,PEI,"['Barley', 'Corn for silage', 'Mixed grains', 'Oats', 'Tame hay', 'Wheat, all']"
1958,PP,"['Barley', 'Canola (rapeseed)', 'Corn for silage', 'Flaxseed', 'Mixed grains', 'Oats', 'Peas, dry', 'Rye, all', 'Sugar beets', 'Tame hay', 'Wheat, all']"
1958,QU,"['Barley', 'Beans, all dry (white and coloured)', 'Buckwheat', 'Corn for grain', 'Corn for silage', 'Flaxseed', 'Mixed grains', 'Oats', 'Peas, dry', 'Rye, all', 'Sugar beets', 'Tame hay', 'Wheat, all']"
1958,SK,"['Barley', 'Canola (rapeseed)', 'Corn for silage', 'Flaxseed', 'Mixed grains', 'Oats', 'Peas, dry', 'Rye, all', 'Rye, fall remaining', 'Rye, spring', 'Sunflower seed', 'Tame hay', 'Wheat, all']"
1959,AB,"['Barley', 'Canola (rapeseed)', 'Corn for silage', 'Flaxseed', 'Mixed grains', 'Mustard seed', 'Oats', 'Peas, dry', 'Rye, all', 'Rye, fall remaining', 'Rye, spring', 'Sugar beets', 'Sunflower seed', 'Tame hay', 'Wheat, all']"
1959,BC,"['Barley', 'Corn for silage', 'Flaxseed', 'Mixed grains', 'Oats', 'Peas, dry', 'Rye, all', 'Tame hay', 'Wheat, all']"
1959,CA,"['Barley', 'Beans, all dry (white and coloured)', 'Buckwheat', 'Canola (rapeseed)', 'Corn for grain', 'Corn for silage', 'Flaxseed', 'Mixed grains', 'Mustard seed', 'Oats', 'Peas, dry', 'Rye, all', 'Rye, fall remaining', 'Rye, spring', 'Soybeans', 'Sugar beets', 'Sunflower seed', 'Tame hay', 'Wheat, all']"
1959,MA,"['Barley', 'Buckwheat', 'Canola (rapeseed)', 'Corn for grain', 'Corn for silage', 'Flaxseed', 'Mixed grains', 'Mustard seed', 'Oats', 'Peas, dry', 'Rye, all', 'Rye, fall remaining', 'Rye, spring', 'Soybeans', 'Sugar beets', 'Sunflower seed', 'Tame hay', 'Wheat, all']"
1959,MP,"['Barley', 'Mixed grains', 'Oats', 'Tame hay', 'Wheat, all']"
1959,NB,"['Barley', 'Buckwheat', 'Corn for silage', 'Mixed grains', 'Oats', 'Tame hay', 'Wheat, all']"
1959,NS,"['Barley', 'Corn for silage', 'Mixed grains', 'Oats', 'Rye, all', 'Tame hay', 'Wheat, all']"
1959,ON,"['Barley', 'Beans, all dry (white and coloured)', 'Buckwheat', 'Corn for grain', 'Corn for silage', 'Flaxseed', 'Mixed grains', 'Oats', 'Peas, dry', 'Rye, all', 'Soybeans', 'Sugar beets', 'Tame hay', 'Wheat, all', 'Wheat, spring', 'Wheat, winter remaining']"
1959,PEI,"['Barley', 'Corn for silage', 'Mixed grains', 'Oats', 'Tame hay', 'Wheat, all']"
1959,PP,"['Barley', 'Canola (rapeseed)', 'Corn for silage', 'Flaxseed', 'Mixed grains', 'Oats', 'Peas, dry', 'Rye, all', 'Sugar beets', 'Tame hay', 'Wheat, all']"
1959,QU,"['Barley', 'Beans, all dry (white and coloured)', 'Buckwheat', 'Corn for grain', 'Corn for silage', 'Flaxseed', 'Mixed grains', 'Oats', 'Peas, dry', 'Rye, all', 'Sugar beets', 'Tame hay', 'Wheat, all']"
1959,SK,"['Barley', 'Canola (rapeseed)', 'Corn for silage', 'Flaxseed', 'Mixed grains', 'Oats', 'Peas, dry', 'Rye, all', 'Rye, fall remaining', 'Rye, spring', 'Sunflower seed', 'Tame hay', 'Wheat, all']"
1960,AB,"['Barley', 'Canola (rapeseed)', 'Corn for silage', 'Flaxseed', 'Mixed grains', 'Mustard seed', 'Oats', 'Peas, dry', 'Rye, all', 'Rye, fall remaining', 'Rye, spring', 'Sugar beets', 'Sunflower seed', 'Tame hay', 'Wheat, all']"
1960,BC,"['Barley', 'Corn for silage', 'Flaxseed', 'Mixed grains', 'Oats', 'Peas, dry', 'Rye, all', 'Tame hay', 'Wheat, all']"
1960,CA,"['Barley', 'Beans, all dry (white and coloured)', 'Buckwheat', 'Canola (rapeseed)', 'Corn for grain', 'Corn for silage', 'Flaxseed', 'Mixed grains', 'Mustard seed', 'Oats', 'Peas, dry', 'Rye, all', 'Rye, fall remaining', 'Rye, spring', 'Soybeans', 'Sugar beets', 'Sunflower seed', 'Tame hay', 'Wheat, all']"
1960,MA,"['Barley', 'Buckwheat', 'Canola (rapeseed)', 'Corn for grain', 'Corn for silage', 'Flaxseed', 'Mixed grains', 'Mustard seed', 'Oats', 'Peas, dry', 'Rye, all', 'Rye, fall remaining', 'Rye, spring', 'Soybeans', 'Sugar beets', 'Sunflower seed', 'Tame hay', 'Wheat, all']"
1960,MP,"['Barley', 'Mixed grains', 'Oats', 'Tame hay', 'Wheat, all']"
1960,NB,"['Barley', 'Buckwheat', 'Corn for silage', 'Mixed grains', 'Oats', 'Tame hay', 'Wheat, all']"
1960,NS,"['Barley', 'Corn for silage', 'Mixed grains', 'Oats', 'Rye, all', 'Tame hay', 'Wheat, all']"
1960,ON,"['Barley', 'Beans, all dry (white and coloured)', 'Buckwheat', 'Corn for grain', 'Corn for silage', 'Flaxseed', 'Mixed grains', 'Oats', 'Peas, dry', 'Rye, all', 'Soybeans', 'Sugar beets', 'Tame hay', 'Wheat, all', 'Wheat, spring', 'Wheat, winter remaining']"
1960,PEI,"['Barley', 'Corn for silage', 'Mixed grains', 'Oats', 'Tame hay', 'Wheat, all']"
1960,PP,"['Barley', 'Canola (rapeseed)', 'Corn for silage', 'Flaxseed', 'Mixed grains', 'Oats', 'Peas, dry', 'Rye, all', 'Sugar beets', 'Tame hay', 'Wheat, all']"
1960,QU,"['Barley', 'Beans, all dry (white and coloured)', 'Buckwheat', 'Corn for grain', 'Corn for silage', 'Flaxseed', 'Mixed grains', 'Oats', 'Peas, dry', 'Rye, all', 'Sugar beets', 'Tame hay', 'Wheat, all']"
1960,SK,"['Barley', 'Canola (rapeseed)', 'Corn for silage', 'Flaxseed', 'Mixed grains', 'Mustard seed', 'Oats', 'Peas, dry', 'Rye, all', 'Rye, fall remaining', 'Rye, spring', 'Sunflower seed', 'Tame hay', 'Wheat, all']"
1961,AB,"['Barley', 'Canola (rapeseed)', 'Corn for silage', 'Flaxseed', 'Mixed grains', 'Mustard seed', 'Oats', 'Peas, dry', 'Rye, all', 'Rye, fall remaining', 'Rye, spring', 'Sugar beets', 'Sunflower seed', 'Tame hay', 'Wheat, all']"
1961,BC,"['Barley', 'Corn for silage', 'Flaxseed', 'Mixed grains', 'Oats', 'Peas, dry', 'Rye, all', 'Tame hay', 'Wheat, all']"
1961,CA,"['Barley', 'Beans, all dry (white and coloured)', 'Buckwheat', 'Canola (rapeseed)', 'Corn for grain', 'Corn for silage', 'Flaxseed', 'Mixed grains', 'Mustard seed', 'Oats', 'Peas, dry', 'Rye, all', 'Rye, fall remaining', 'Rye, spring', 'Soybeans', 'Sugar beets', 'Sunflower seed', 'Tame hay', 'Wheat, all']"
1961,MA,"['Barley', 'Buckwheat', 'Canola (rapeseed)', 'Corn for grain', 'Corn for silage', 'Flaxseed', 'Mixed grains', 'Mustard seed', 'Oats', 'Peas, dry', 'Rye, all', 'Rye, fall remaining', 'Rye, spring', 'Sugar beets', 'Sunflower seed', 'Tame hay', 'Wheat, all']"
1961,MP,"['Barley', 'Mixed grains', 'Oats', 'Tame hay', 'Wheat, all']"
1961,NB,"['Barley', 'Buckwheat', 'Corn for silage', 'Mixed grains', 'Oats', 'Tame hay', 'Wheat, all']"
1961,NS,"['Barley', 'Corn for silage', 'Mixed grains', 'Oats', 'Rye, all', 'Tame hay', 'Wheat, all']"
1961,ON,"['Barley', 'Beans, all dry (white and coloured)', 'Buckwheat', 'Corn for grain', 'Corn for silage', 'Flaxseed', 'Mixed grains', 'Oats', 'Peas, dry', 'Rye, all', 'Soybeans', 'Sugar beets', 'Tame hay', 'Wheat, all', 'Wheat, spring', 'Wheat, winter remaining']"
1961,PEI,"['Barley', 'Corn for silage', 'Mixed grains', 'Oats', 'Tame hay', 'Wheat, all']"
1961,PP,"['Barley', 'Canola (rapeseed)', 'Corn for silage', 'Flaxseed', 'Mixed grains', 'Oats', 'Peas, dry', 'Rye, all', 'Sugar beets', 'Tame hay', 'Wheat, all']"
1961,QU,"['Barley', 'Beans, all dry (white and coloured)', 'Buckwheat', 'Corn for grain', 'Corn for silage', 'Flaxseed', 'Mixed grains', 'Oats', 'Peas, dry', 'Rye, all', 'Sugar beets', 'Tame hay', 'Wheat, all']"
1961,SK,"['Barley', 'Canola (rapeseed)', 'Corn for silage', 'Flaxseed', 'Mixed grains', 'Mustard seed', 'Oats', 'Peas, dry', 'Rye, all', 'Rye, fall remaining', 'Rye, spring', 'Sunflower seed', 'Tame hay', 'Wheat, all']"
1962,AB,"['Barley', 'Canola (rapeseed)', 'Corn for silage', 'Flaxseed', 'Mixed grains', 'Mustard seed', 'Oats', 'Peas, dry', 'Rye, all', 'Rye, fall remaining', 'Rye, spring', 'Sugar beets', 'Sunflower seed', 'Tame hay', 'Wheat, all']"
1962,BC,"['Barley', 'Corn for silage', 'Flaxseed', 'Mixed grains', 'Oats', 'Peas, dry', 'Rye, all', 'Tame hay', 'Wheat, all']"
1962,CA,"['Barley', 'Beans, all dry (white and coloured)', 'Buckwheat', 'Canola (rapeseed)', 'Corn for grain', 'Corn for silage', 'Flaxseed', 'Mixed grains', 'Mustard seed', 'Oats', 'Peas, dry', 'Rye, all', 'Rye, fall remaining', 'Rye, spring', 'Soybeans', 'Sugar beets', 'Sunflower seed', 'Tame hay', 'Wheat, all']"
1962,MA,"['Barley', 'Buckwheat', 'Canola (rapeseed)', 'Corn for grain', 'Corn for silage', 'Flaxseed', 'Mixed grains', 'Mustard seed', 'Oats', 'Peas, dry', 'Rye, all', 'Rye, fall remaining', 'Rye, spring', 'Sugar beets', 'Sunflower seed', 'Tame hay', 'Wheat, all']"
1962,MP,"['Barley', 'Mixed grains', 'Oats', 'Tame hay', 'Wheat, all']"
1962,NB,"['Barley', 'Buckwheat', 'Corn for silage', 'Mixed grains', 'Oats', 'Tame hay', 'Wheat, all']"
1962,NS,"['Barley', 'Corn for silage', 'Mixed grains', 'Oats', 'Rye, all', 'Tame hay', 'Wheat, all']"
1962,ON,"['Barley', 'Beans, all dry (white and coloured)', 'Buckwheat', 'Corn for grain', 'Corn for silage', 'Flaxseed', 'Mixed grains', 'Oats', 'Peas, dry', 'Rye, all', 'Soybeans', 'Sugar beets', 'Tame hay', 'Wheat, all', 'Wheat, spring', 'Wheat, winter remaining']"
1962,PEI,"['Barley', 'Corn for silage', 'Mixed grains', 'Oats', 'Tame hay', 'Wheat, all']"
1962,PP,"['Barley', 'Canola (rapeseed)', 'Corn for silage', 'Flaxseed', 'Mixed grains', 'Oats', 'Peas, dry', 'Rye, all', 'Sugar beets', 'Tame hay', 'Wheat, all']"
1962,QU,"['Barley', 'Beans, all dry (white and coloured)', 'Buckwheat', 'Corn for grain', 'Corn for silage', 'Flaxseed', 'Mixed grains', 'Oats', 'Peas, dry', 'Rye, all', 'Sugar beets', 'Tame hay', 'Wheat, all']"
1962,SK,"['Barley', 'Canola (rapeseed)', 'Corn for silage', 'Flaxseed', 'Mixed grains', 'Mustard seed', 'Oats', 'Peas, dry', 'Rye, all', 'Rye, fall remaining', 'Rye, spring', 'Sunflower seed', 'Tame hay', 'Wheat, all']"
1963,AB,"['Barley', 'Canola (rapeseed)', 'Corn for silage', 'Flaxseed', 'Mixed grains', 'Mustard seed', 'Oats', 'Peas, dry', 'Rye, all', 'Rye, fall remaining', 'Rye, spring', 'Sugar beets', 'Sunflower seed', 'Tame hay', 'Wheat, all']"
1963,BC,"['Barley', 'Corn for silage', 'Flaxseed', 'Mixed grains', 'Oats', 'Peas, dry', 'Rye, all', 'Tame hay', 'Wheat, all']"
1963,CA,"['Barley', 'Beans, all dry (white and coloured)', 'Buckwheat', 'Canola (rapeseed)', 'Corn for grain', 'Corn for silage', 'Flaxseed', 'Mixed grains', 'Mustard seed', 'Oats', 'Peas, dry', 'Rye, all', 'Rye, fall remaining', 'Rye, spring', 'Soybeans', 'Sugar beets', 'Sunflower seed', 'Tame hay', 'Wheat, all']"
1963,MA,"['Barley', 'Buckwheat', 'Canola (rapeseed)', 'Corn for grain', 'Corn for silage', 'Flaxseed', 'Mixed grains', 'Mustard seed', 'Oats', 'Peas, dry', 'Rye, all', 'Rye, fall remaining', 'Rye, spring', 'Sugar beets', 'Sunflower seed', 'Tame hay', 'Wheat, all']"
1963,MP,"['Barley', 'Mixed grains', 'Oats', 'Tame hay', 'Wheat, all']"
1963,NB,"['Barley', 'Buckwheat', 'Corn for silage', 'Mixed grains', 'Oats', 'Tame hay', 'Wheat, all']"
1963,NS,"['Barley', 'Corn for silage', 'Mixed grains', 'Oats', 'Rye, all', 'Tame hay', 'Wheat, all']"
1963,ON,"['Barley', 'Beans, all dry (white and coloured)', 'Buckwheat', 'Corn for grain', 'Corn for silage', 'Flaxseed', 'Mixed grains', 'Oats', 'Peas, dry', 'Rye, all', 'Soybeans', 'Sugar beets', 'Tame hay', 'Wheat, all', 'Wheat, spring', 'Wheat, winter remaining']"
1963,PEI,"['Barley', 'Corn for silage', 'Mixed grains', 'Oats', 'Tame hay', 'Wheat, all']"
1963,PP,"['Barley', 'Canola (rapeseed)', 'Corn for silage', 'Flaxseed', 'Mixed grains', 'Oats', 'Peas, dry', 'Rye, all', 'Sugar beets', 'Tame hay', 'Wheat, all']"
1963,QU,"['Barley', 'Beans, all dry (white and coloured)', 'Buckwheat', 'Corn for grain', 'Corn for silage', 'Flaxseed', 'Mixed grains', 'Oats', 'Peas, dry', 'Rye, all', 'Sugar beets', 'Tame hay', 'Wheat, all']"
1963,SK,"['Barley', 'Canola (rapeseed)', 'Corn for silage', 'Flaxseed', 'Mixed grains', 'Mustard seed', 'Oats', 'Peas, dry', 'Rye, all', 'Rye, fall remaining', 'Rye, spring', 'Sunflower seed', 'Tame hay', 'Wheat, all']"
1964,AB,"['Barley', 'Canola (rapeseed)', 'Corn for silage', 'Flaxseed', 'Mixed grains', 'Mustard seed', 'Oats', 'Peas, dry', 'Rye, all', 'Rye, fall remaining', 'Rye, spring', 'Sugar beets', 'Sunflower seed', 'Tame hay', 'Wheat, all']"
1964,BC,"['Barley', 'Corn for silage', 'Flaxseed', 'Mixed grains', 'Oats', 'Peas, dry', 'Rye, all', 'Tame hay', 'Wheat, all']"
1964,CA,"['Barley', 'Beans, all dry (white and coloured)', 'Buckwheat', 'Canola (rapeseed)', 'Corn for grain', 'Corn for silage', 'Flaxseed', 'Mixed grains', 'Mustard seed', 'Oats', 'Peas, dry', 'Rye, all', 'Rye, fall remaining', 'Rye, spring', 'Soybeans', 'Sugar beets', 'Sunflower seed', 'Tame hay', 'Wheat, all']"
1964,MA,"['Barley', 'Buckwheat', 'Canola (rapeseed)', 'Corn for grain', 'Corn for silage', 'Flaxseed', 'Mixed grains', 'Mustard seed', 'Oats', 'Peas, dry', 'Rye, all', 'Rye, fall remaining', 'Rye, spring', 'Sugar beets', 'Sunflower seed', 'Tame hay', 'Wheat, all']"
1964,MP,"['Barley', 'Mixed grains', 'Oats', 'Tame hay', 'Wheat, all']"
1964,NB,"['Barley', 'Buckwheat', 'Corn for silage', 'Mixed grains', 'Oats', 'Tame hay', 'Wheat, all']"
1964,NS,"['Barley', 'Corn for silage', 'Mixed grains', 'Oats', 'Rye, all', 'Tame hay', 'Wheat, all']"
1964,ON,"['Barley', 'Beans, all dry (white and coloured)', 'Buckwheat', 'Corn for grain', 'Corn for silage', 'Flaxseed', 'Mixed grains', 'Oats', 'Peas, dry', 'Rye, all', 'Soybeans', 'Sugar beets', 'Tame hay', 'Wheat, all', 'Wheat, spring', 'Wheat, winter remaining']"
1964,PEI,"['Barley', 'Corn for silage', 'Mixed grains', 'Oats', 'Tame hay', 'Wheat, all']"
1964,PP,"['Barley', 'Canola (rapeseed)', 'Corn for silage', 'Flaxseed', 'Mixed grains', 'Oats', 'Peas, dry', 'Rye, all', 'Sugar beets', 'Tame hay', 'Wheat, all']"
1964,QU,"['Barley', 'Beans, all dry (white and coloured)', 'Buckwheat', 'Corn for grain', 'Corn for silage', 'Flaxseed', 'Mixed grains', 'Oats', 'Peas, dry', 'Rye, all', 'Sugar beets', 'Tame hay', 'Wheat, all']"
1964,SK,"['Barley', 'Canola (rapeseed)', 'Corn for silage', 'Flaxseed', 'Mixed grains', 'Mustard seed', 'Oats', 'Peas, dry', 'Rye, all', 'Rye, fall remaining', 'Rye, spring', 'Sunflower seed', 'Tame hay', 'Wheat, all']"
1965,AB,"['Barley', 'Canola (rapeseed)', 'Corn for silage', 'Flaxseed', 'Mixed grains', 'Mustard seed', 'Oats', 'Peas, dry', 'Rye, all', 'Rye, fall remaining', 'Rye, spring', 'Sugar beets', 'Sunflower seed', 'Tame hay', 'Wheat, all']"
1965,BC,"['Barley', 'Corn for silage', 'Flaxseed', 'Mixed grains', 'Oats', 'Peas, dry', 'Rye, all', 'Tame hay', 'Wheat, all']"
1965,CA,"['Barley', 'Beans, all dry (white and coloured)', 'Buckwheat', 'Canola (rapeseed)', 'Corn for grain', 'Corn for silage', 'Flaxseed', 'Mixed grains', 'Mustard seed', 'Oats', 'Peas, dry', 'Rye, all', 'Rye, fall remaining', 'Rye, spring', 'Soybeans', 'Sugar beets', 'Sunflower seed', 'Tame hay', 'Wheat, all']"
1965,MA,"['Barley', 'Buckwheat', 'Canola (rapeseed)', 'Corn for grain', 'Corn for silage', 'Flaxseed', 'Mixed grains', 'Mustard seed', 'Oats', 'Peas, dry', 'Rye, all', 'Rye, fall remaining', 'Rye, spring', 'Sugar beets', 'Sunflower seed', 'Tame hay', 'Wheat, all']"
1965,MP,"['Barley', 'Mixed grains', 'Oats', 'Tame hay', 'Wheat, all']"
1965,NB,"['Barley', 'Buckwheat', 'Corn for silage', 'Mixed grains', 'Oats', 'Tame hay', 'Wheat, all']"
1965,NS,"['Barley', 'Corn for silage', 'Mixed grains', 'Oats', 'Rye, all', 'Tame hay', 'Wheat, all']"
1965,ON,"['Barley', 'Beans, all dry (white and coloured)', 'Buckwheat', 'Corn for grain', 'Corn for silage', 'Flaxseed', 'Mixed grains', 'Oats', 'Peas, dry', 'Rye, all', 'Soybeans', 'Sugar beets', 'Tame hay', 'Wheat, all', 'Wheat, spring', 'Wheat, winter remaining']"
1965,PEI,"['Barley', 'Corn for silage', 'Mixed grains', 'Oats', 'Tame hay', 'Wheat, all']"
1965,PP,"['Barley', 'Canola (rapeseed)', 'Corn for silage', 'Flaxseed', 'Mixed grains', 'Oats', 'Peas, dry', 'Rye, all', 'Sugar beets', 'Tame hay', 'Wheat, all']"
1965,QU,"['Barley', 'Beans, all dry (white and coloured)', 'Buckwheat', 'Corn for grain', 'Corn for silage', 'Flaxseed', 'Mixed grains', 'Oats', 'Peas, dry', 'Rye, all', 'Sugar beets', 'Tame hay', 'Wheat, all']"
1965,SK,"['Barley', 'Canola (rapeseed)', 'Corn for silage', 'Flaxseed', 'Mixed grains', 'Mustard seed', 'Oats', 'Peas, dry', 'Rye, all', 'Rye, fall remaining', 'Rye, spring', 'Sunflower seed', 'Tame hay', 'Wheat, all']"
1966,AB,"['Barley', 'Canola (rapeseed)', 'Corn for silage', 'Flaxseed', 'Mixed grains', 'Mustard seed', 'Oats', 'Peas, dry', 'Rye, all', 'Rye, fall remaining', 'Rye, spring', 'Sugar beets', 'Sunflower seed', 'Tame hay', 'Wheat, all']"
1966,BC,"['Barley', 'Corn for silage', 'Flaxseed', 'Mixed grains', 'Oats', 'Peas, dry', 'Rye, all', 'Tame hay', 'Wheat, all']"
1966,CA,"['Barley', 'Beans, all dry (white and coloured)', 'Buckwheat', 'Canola (rapeseed)', 'Corn for grain', 'Corn for silage', 'Flaxseed', 'Mixed grains', 'Mustard seed', 'Oats', 'Peas, dry', 'Rye, all', 'Rye, fall remaining', 'Rye, spring', 'Soybeans', 'Sugar beets', 'Sunflower seed', 'Tame hay', 'Wheat, all']"
1966,MA,"['Barley', 'Buckwheat', 'Canola (rapeseed)', 'Corn for grain', 'Corn for silage', 'Flaxseed', 'Mixed grains', 'Mustard seed', 'Oats', 'Peas, dry', 'Rye, all', 'Rye, fall remaining', 'Rye, spring', 'Sugar beets', 'Sunflower seed', 'Tame hay', 'Wheat, all']"
1966,MP,"['Barley', 'Mixed grains', 'Oats', 'Tame hay', 'Wheat, all']"
1966,NB,"['Barley', 'Buckwheat', 'Corn for silage', 'Mixed grains', 'Oats', 'Tame hay', 'Wheat, all']"
1966,NS,"['Barley', 'Corn for silage', 'Mixed grains', 'Oats', 'Rye, all', 'Tame hay', 'Wheat, all']"
1966,ON,"['Barley', 'Beans, all dry (white and coloured)', 'Buckwheat', 'Corn for grain', 'Corn for silage', 'Flaxseed', 'Mixed grains', 'Oats', 'Peas, dry', 'Rye, all', 'Soybeans', 'Sugar beets', 'Tame hay', 'Wheat, all', 'Wheat, spring', 'Wheat, winter remaining']"
1966,PEI,"['Barley', 'Corn for silage', 'Mixed grains', 'Oats', 'Tame hay', 'Wheat, all']"
1966,PP,"['Barley', 'Canola (rapeseed)', 'Corn for silage', 'Flaxseed', 'Mixed grains', 'Oats', 'Peas, dry', 'Rye, all', 'Sugar beets', 'Tame hay', 'Wheat, all']"
1966,QU,"['Barley', 'Beans, all dry (white and coloured)', 'Buckwheat', 'Corn for grain', 'Corn for silage', 'Flaxseed', 'Mixed grains', 'Oats', 'Peas, dry', 'Rye, all', 'Sugar beets', 'Tame hay', 'Wheat, all']"
1966,SK,"['Barley', 'Canola (rapeseed)', 'Corn for silage', 'Flaxseed', 'Mixed grains', 'Mustard seed', 'Oats', 'Peas, dry', 'Rye, all', 'Rye, fall remaining', 'Rye, spring', 'Sunflower seed', 'Tame hay', 'Wheat, all']"
1967,AB,"['Barley', 'Canola (rapeseed)', 'Corn for silage', 'Flaxseed', 'Mixed grains', 'Mustard seed', 'Oats', 'Peas, dry', 'Rye, all', 'Rye, fall remaining', 'Rye, spring', 'Sugar beets', 'Sunflower seed', 'Tame hay', 'Wheat, all']"
1967,BC,"['Barley', 'Canola (rapeseed)', 'Corn for silage', 'Flaxseed', 'Mixed grains', 'Oats', 'Peas, dry', 'Rye, all', 'Tame hay', 'Wheat, all']"
1967,CA,"['Barley', 'Beans, all dry (white and coloured)', 'Buckwheat', 'Canola (rapeseed)', 'Corn for grain', 'Corn for silage', 'Flaxseed', 'Mixed grains', 'Mustard seed', 'Oats', 'Peas, dry', 'Rye, all', 'Rye, fall remaining', 'Rye, spring', 'Soybeans', 'Sugar beets', 'Sunflower seed', 'Tame hay', 'Wheat, all']"
1967,MA,"['Barley', 'Buckwheat', 'Canola (rapeseed)', 'Corn for grain', 'Corn for silage', 'Flaxseed', 'Mixed grains', 'Mustard seed', 'Oats', 'Peas, dry', 'Rye, all', 'Rye, fall remaining', 'Rye, spring', 'Sugar beets', 'Sunflower seed', 'Tame hay', 'Wheat, all']"
1967,MP,"['Barley', 'Mixed grains', 'Oats', 'Tame hay', 'Wheat, all']"
1967,NB,"['Barley', 'Buckwheat', 'Corn for silage', 'Mixed grains', 'Oats', 'Tame hay', 'Wheat, all']"
1967,NS,"['Barley', 'Corn for silage', 'Mixed grains', 'Oats', 'Rye, all', 'Tame hay', 'Wheat, all']"
1967,ON,"['Barley', 'Beans, all dry (white and coloured)', 'Buckwheat', 'Corn for grain', 'Corn for silage', 'Flaxseed', 'Mixed grains', 'Oats', 'Peas, dry', 'Rye, all', 'Soybeans', 'Sugar beets', 'Tame hay', 'Wheat, all', 'Wheat, spring', 'Wheat, winter remaining']"
1967,PEI,"['Barley', 'Corn for silage', 'Mixed grains', 'Oats', 'Tame hay', 'Wheat, all']"
1967,PP,"['Barley', 'Canola (rapeseed)', 'Corn for silage', 'Flaxseed', 'Mixed grains', 'Oats', 'Peas, dry', 'Rye, all', 'Sugar beets', 'Tame hay', 'Wheat, all']"
1967,QU,"['Barley', 'Beans, all dry (white and coloured)', 'Buckwheat', 'Corn for grain', 'Corn for silage', 'Flaxseed', 'Mixed grains', 'Oats', 'Peas, dry', 'Rye, all', 'Sugar beets', 'Tame hay', 'Wheat, all']"
1967,SK,"['Barley', 'Canola (rapeseed)', 'Corn for silage', 'Flaxseed', 'Mixed grains', 'Mustard seed', 'Oats', 'Peas, dry', 'Rye, all', 'Rye, fall remaining', 'Rye, spring', 'Sunflower seed', 'Tame hay', 'Wheat, all']"
1968,AB,"['Barley', 'Canola (rapeseed)', 'Corn for silage', 'Flaxseed', 'Mixed grains', 'Mustard seed', 'Oats', 'Peas, dry', 'Rye, all', 'Rye, fall remaining', 'Rye, spring', 'Sugar beets', 'Sunflower seed', 'Tame hay', 'Wheat, all']"
1968,BC,"['Barley', 'Canola (rapeseed)', 'Corn for silage', 'Flaxseed', 'Mixed grains', 'Oats', 'Peas, dry', 'Rye, all', 'Tame hay', 'Wheat, all']"
1968,CA,"['Barley', 'Beans, all dry (white and coloured)', 'Buckwheat', 'Canola (rapeseed)', 'Corn for grain', 'Corn for silage', 'Flaxseed', 'Mixed grains', 'Mustard seed', 'Oats', 'Peas, dry', 'Rye, all', 'Rye, fall remaining', 'Rye, spring', 'Soybeans', 'Sugar beets', 'Sunflower seed', 'Tame hay', 'Wheat, all']"
1968,MA,"['Barley', 'Buckwheat', 'Canola (rapeseed)', 'Corn for grain', 'Corn for silage', 'Flaxseed', 'Mixed grains', 'Mustard seed', 'Oats', 'Peas, dry', 'Rye, all', 'Rye, fall remaining', 'Rye, spring', 'Sugar beets', 'Sunflower seed', 'Tame hay', 'Wheat, all']"
1968,MP,"['Barley', 'Mixed grains', 'Oats', 'Tame hay', 'Wheat, all']"
1968,NB,"['Barley', 'Buckwheat', 'Corn for silage', 'Mixed grains', 'Oats', 'Tame hay', 'Wheat, all']"
1968,NS,"['Barley', 'Corn for silage', 'Mixed grains', 'Oats', 'Rye, all', 'Tame hay', 'Wheat, all']"
1968,ON,"['Barley', 'Beans, all dry (white and coloured)', 'Buckwheat', 'Corn for grain', 'Corn for silage', 'Flaxseed', 'Mixed grains', 'Oats', 'Peas, dry', 'Rye, all', 'Soybeans', 'Tame hay', 'Wheat, all', 'Wheat, spring', 'Wheat, winter remaining']"
1968,PEI,"['Barley', 'Corn for silage', 'Mixed grains', 'Oats', 'Tame hay', 'Wheat, all']"
1968,PP,"['Barley', 'Canola (rapeseed)', 'Corn for silage', 'Flaxseed', 'Mixed grains', 'Oats', 'Peas, dry', 'Rye, all', 'Sugar beets', 'Tame hay', 'Wheat, all']"
1968,QU,"['Barley', 'Beans, all dry (white and coloured)', 'Buckwheat', 'Corn for grain', 'Corn for silage', 'Flaxseed', 'Mixed grains', 'Oats', 'Peas, dry', 'Rye, all', 'Sugar beets', 'Tame hay', 'Wheat, all']"
1968,SK,"['Barley', 'Canola (rapeseed)', 'Corn for silage', 'Flaxseed', 'Mixed grains', 'Mustard seed', 'Oats', 'Peas, dry', 'Rye, all', 'Rye, fall remaining', 'Rye, spring', 'Sunflower seed', 'Tame hay', 'Wheat, all']"
1969,AB,"['Barley', 'Buckwheat', 'Canola (rapeseed)', 'Corn for silage', 'Flaxseed', 'Mixed grains', 'Mustard seed', 'Oats', 'Peas, dry', 'Rye, all', 'Rye, fall remaining', 'Rye, spring', 'Sugar beets', 'Sunflower seed', 'Tame hay', 'Wheat, all']"
1969,BC,"['Barley', 'Canola (rapeseed)', 'Corn for silage', 'Flaxseed', 'Mixed grains', 'Oats', 'Peas, dry', 'Rye, all', 'Tame hay', 'Wheat, all']"
1969,CA,"['Barley', 'Beans, all dry (white and coloured)', 'Buckwheat', 'Canola (rapeseed)', 'Corn for grain', 'Corn for silage', 'Flaxseed', 'Mixed grains', 'Mustard seed', 'Oats', 'Peas, dry', 'Rye, all', 'Rye, fall remaining', 'Rye, spring', 'Soybeans', 'Sugar beets', 'Sunflower seed', 'Tame hay', 'Wheat, all']"
1969,MA,"['Barley', 'Buckwheat', 'Canola (rapeseed)', 'Corn for grain', 'Corn for silage', 'Flaxseed', 'Mixed grains', 'Mustard seed', 'Oats', 'Peas, dry', 'Rye, all', 'Rye, fall remaining', 'Rye, spring', 'Sugar beets', 'Sunflower seed', 'Tame hay', 'Wheat, all']"
1969,MP,"['Barley', 'Mixed grains', 'Oats', 'Tame hay', 'Wheat, all']"
1969,NB,"['Barley', 'Buckwheat', 'Corn for silage', 'Mixed grains', 'Oats', 'Tame hay', 'Wheat, all']"
1969,NS,"['Barley', 'Corn for silage', 'Mixed grains', 'Oats', 'Rye, all', 'Tame hay', 'Wheat, all']"
1969,ON,"['Barley', 'Beans, all dry (white and coloured)', 'Buckwheat', 'Corn for grain', 'Corn for silage', 'Flaxseed', 'Mixed grains', 'Oats', 'Peas, dry', 'Rye, all', 'Soybeans', 'Tame hay', 'Wheat, all', 'Wheat, spring', 'Wheat, winter remaining']"
1969,PEI,"['Barley', 'Corn for silage', 'Mixed grains', 'Oats', 'Tame hay', 'Wheat, all']"
1969,PP,"['Barley', 'Canola (rapeseed)', 'Corn for silage', 'Flaxseed', 'Mixed grains', 'Oats', 'Peas, dry', 'Rye, all', 'Sugar beets', 'Tame hay', 'Wheat, all']"
1969,QU,"['Barley', 'Beans, all dry (white and coloured)', 'Buckwheat', 'Corn for grain', 'Corn for silage', 'Flaxseed', 'Mixed grains', 'Oats', 'Peas, dry', 'Rye, all', 'Sugar beets', 'Tame hay', 'Wheat, all']"
1969,SK,"['Barley', 'Buckwheat', 'Canola (rapeseed)', 'Corn for silage', 'Flaxseed', 'Mixed grains', 'Mustard seed', 'Oats', 'Peas, dry', 'Rye, all', 'Rye, fall remaining', 'Rye, spring', 'Sunflower seed', 'Tame hay', 'Wheat, all']"
1970,AB,"['Barley', 'Buckwheat', 'Canola (rapeseed)', 'Corn for silage', 'Flaxseed', 'Mixed grains', 'Mustard seed', 'Oats', 'Peas, dry', 'Rye, all', 'Rye, fall remaining', 'Rye, spring', 'Sugar beets', 'Sunflower seed', 'Tame hay', 'Wheat, all']"
1970,BC,"['Barley', 'Canola (rapeseed)', 'Corn for silage', 'Flaxseed', 'Mixed grains', 'Oats', 'Peas, dry', 'Rye, all', 'Tame hay', 'Wheat, all']"
1970,CA,"['Barley', 'Beans, all dry (white and coloured)', 'Buckwheat', 'Canola (rapeseed)', 'Corn for grain', 'Corn for silage', 'Flaxseed', 'Mixed grains', 'Mustard seed', 'Oats', 'Peas, dry', 'Rye, all', 'Rye, fall remaining', 'Rye, spring', 'Soybeans', 'Sugar beets', 'Sunflower seed', 'Tame hay', 'Wheat, all']"
1970,MA,"['Barley', 'Buckwheat', 'Canola (rapeseed)', 'Corn for grain', 'Corn for silage', 'Flaxseed', 'Mixed grains', 'Mustard seed', 'Oats', 'Peas, dry', 'Rye, all', 'Rye, fall remaining', 'Rye, spring', 'Sugar beets', 'Sunflower seed', 'Tame hay', 'Wheat, all']"
1970,MP,"['Barley', 'Mixed grains', 'Oats', 'Tame hay', 'Wheat, all']"
1970,NB,"['Barley', 'Buckwheat', 'Corn for silage', 'Mixed grains', 'Oats', 'Tame hay', 'Wheat, all']"
1970,NS,"['Barley', 'Corn for silage', 'Mixed grains', 'Oats', 'Rye, all', 'Tame hay', 'Wheat, all']"
1970,ON,"['Barley', 'Beans, all dry (white and coloured)', 'Buckwheat', 'Corn for grain', 'Corn for silage', 'Flaxseed', 'Mixed grains', 'Oats', 'Peas, dry', 'Rye, all', 'Soybeans', 'Tame hay', 'Wheat, all', 'Wheat, spring', 'Wheat, winter remaining']"
1970,PEI,"['Barley', 'Corn for silage', 'Mixed grains', 'Oats', 'Tame hay', 'Wheat, all']"
1970,PP,"['Barley', 'Canola (rapeseed)', 'Corn for silage', 'Flaxseed', 'Mixed grains', 'Oats', 'Peas, dry', 'Rye, all', 'Sugar beets', 'Tame hay', 'Wheat, all']"
1970,QU,"['Barley', 'Beans, all dry (white and coloured)', 'Buckwheat', 'Corn for grain', 'Corn for silage', 'Flaxseed', 'Mixed grains', 'Oats', 'Peas, dry', 'Rye, all', 'Sugar beets', 'Tame hay', 'Wheat, all']"
1970,SK,"['Barley', 'Buckwheat', 'Canola (rapeseed)', 'Corn for silage', 'Flaxseed', 'Mixed grains', 'Mustard seed', 'Oats', 'Peas, dry', 'Rye, all', 'Rye, fall remaining', 'Rye, spring', 'Sunflower seed', 'Tame hay', 'Wheat, all']"
1971,AB,"['Barley', 'Buckwheat', 'Canola (rapeseed)', 'Corn for silage', 'Flaxseed', 'Mixed grains', 'Mustard seed', 'Oats', 'Peas, dry', 'Rye, all', 'Rye, fall remaining', 'Rye, spring', 'Sugar beets', 'Sunflower seed', 'Tame hay', 'Wheat, all']"
1971,BC,"['Barley', 'Canola (rapeseed)', 'Corn for silage', 'Flaxseed', 'Mixed grains', 'Oats', 'Peas, dry', 'Rye, all', 'Tame hay', 'Wheat, all']"
1971,CA,"['Barley', 'Beans, all dry (white and coloured)', 'Buckwheat', 'Canola (rapeseed)', 'Corn for grain', 'Corn for silage', 'Flaxseed', 'Mixed grains', 'Mustard seed', 'Oats', 'Peas, dry', 'Rye, all', 'Rye, fall remaining', 'Rye, spring', 'Soybeans', 'Sugar beets', 'Sunflower seed', 'Tame hay', 'Wheat, all']"
1971,MA,"['Barley', 'Buckwheat', 'Canola (rapeseed)', 'Corn for grain', 'Corn for silage', 'Flaxseed', 'Mixed grains', 'Mustard seed', 'Oats', 'Peas, dry', 'Rye, all', 'Rye, fall remaining', 'Rye, spring', 'Sugar beets', 'Sunflower seed', 'Tame hay', 'Wheat, all']"
1971,MP,"['Barley', 'Mixed grains', 'Oats', 'Tame hay', 'Wheat, all']"
1971,NB,"['Barley', 'Buckwheat', 'Corn for silage', 'Mixed grains', 'Oats', 'Tame hay', 'Wheat, all']"
1971,NS,"['Barley', 'Corn for silage', 'Mixed grains', 'Oats', 'Rye, all', 'Tame hay', 'Wheat, all']"
1971,ON,"['Barley', 'Beans, all dry (white and coloured)', 'Buckwheat', 'Corn for grain', 'Corn for silage', 'Flaxseed', 'Mixed grains', 'Oats', 'Peas, dry', 'Rye, all', 'Soybeans', 'Tame hay', 'Wheat, all', 'Wheat, spring', 'Wheat, winter remaining']"
1971,PEI,"['Barley', 'Corn for silage', 'Mixed grains', 'Oats', 'Tame hay', 'Wheat, all']"
1971,PP,"['Barley', 'Canola (rapeseed)', 'Corn for silage', 'Flaxseed', 'Mixed grains', 'Oats', 'Peas, dry', 'Rye, all', 'Sugar beets', 'Tame hay', 'Wheat, all']"
1971,QU,"['Barley', 'Beans, all dry (white and coloured)', 'Buckwheat', 'Corn for grain', 'Corn for silage', 'Flaxseed', 'Mixed grains', 'Oats', 'Peas, dry', 'Rye, all', 'Sugar beets', 'Tame hay', 'Wheat, all']"
1971,SK,"['Barley', 'Buckwheat', 'Canola (rapeseed)', 'Corn for silage', 'Flaxseed', 'Mixed grains', 'Mustard seed', 'Oats', 'Peas, dry', 'Rye, all', 'Rye, fall remaining', 'Rye, spring', 'Sunflower seed', 'Tame hay', 'Wheat, all']"
1972,AB,"['Barley', 'Buckwheat', 'Canola (rapeseed)', 'Corn for silage', 'Flaxseed', 'Mixed grains', 'Mustard seed', 'Oats', 'Peas, dry', 'Rye, all', 'Rye, fall remaining', 'Rye, spring', 'Sugar beets', 'Sunflower seed', 'Tame hay', 'Wheat, all']"
1972,BC,"['Barley', 'Canola (rapeseed)', 'Corn for silage', 'Flaxseed', 'Mixed grains', 'Oats', 'Peas, dry', 'Rye, all', 'Tame hay', 'Wheat, all']"
1972,CA,"['Barley', 'Beans, all dry (white and coloured)', 'Buckwheat', 'Canola (rapeseed)', 'Corn for grain', 'Corn for silage', 'Flaxseed', 'Mixed grains', 'Mustard seed', 'Oats', 'Peas, dry', 'Rye, all', 'Rye, fall remaining', 'Rye, spring', 'Soybeans', 'Sugar beets', 'Sunflower seed', 'Tame hay', 'Wheat, all']"
1972,MA,"['Barley', 'Buckwheat', 'Canola (rapeseed)', 'Corn for grain', 'Corn for silage', 'Flaxseed', 'Mixed grains', 'Mustard seed', 'Oats', 'Peas, dry', 'Rye, all', 'Rye, fall remaining', 'Rye, spring', 'Sugar beets', 'Sunflower seed', 'Tame hay', 'Wheat, all']"
1972,MP,"['Barley', 'Mixed grains', 'Oats', 'Tame hay', 'Wheat, all']"
1972,NB,"['Barley', 'Buckwheat', 'Corn for silage', 'Mixed grains', 'Oats', 'Tame hay', 'Wheat, all']"
1972,NS,"['Barley', 'Corn for silage', 'Mixed grains', 'Oats', 'Rye, all', 'Tame hay', 'Wheat, all']"
1972,ON,"['Barley', 'Beans, all dry (white and coloured)', 'Buckwheat', 'Corn for grain', 'Corn for silage', 'Flaxseed', 'Mixed grains', 'Oats', 'Peas, dry', 'Rye, all', 'Soybeans', 'Tame hay', 'Wheat, all', 'Wheat, spring', 'Wheat, winter remaining']"
1972,PEI,"['Barley', 'Corn for silage', 'Mixed grains', 'Oats', 'Tame hay', 'Wheat, all']"
1972,PP,"['Barley', 'Canola (rapeseed)', 'Corn for silage', 'Flaxseed', 'Mixed grains', 'Oats', 'Peas, dry', 'Rye, all', 'Sugar beets', 'Tame hay', 'Wheat, all']"
1972,QU,"['Barley', 'Beans, all dry (white and coloured)', 'Buckwheat', 'Corn for grain', 'Corn for silage', 'Flaxseed', 'Mixed grains', 'Oats', 'Peas, dry', 'Rye, all', 'Sugar beets', 'Tame hay', 'Wheat, all']"
1972,SK,"['Barley', 'Buckwheat', 'Canola (rapeseed)', 'Flaxseed', 'Mixed grains', 'Mustard seed', 'Oats', 'Peas, dry', 'Rye, all', 'Rye, fall remaining', 'Rye, spring', 'Sunflower seed', 'Tame hay', 'Wheat, all']"
1973,AB,"['Barley', 'Buckwheat', 'Canola (rapeseed)', 'Corn for silage', 'Flaxseed', 'Mixed grains', 'Mustard seed', 'Oats', 'Peas, dry', 'Rye, all', 'Rye, fall remaining', 'Rye, spring', 'Sugar beets', 'Sunflower seed', 'Tame hay', 'Wheat, all']"
1973,BC,"['Barley', 'Canola (rapeseed)', 'Corn for silage', 'Flaxseed', 'Mixed grains', 'Oats', 'Peas, dry', 'Rye, all', 'Tame hay', 'Wheat, all']"
1973,CA,"['Barley', 'Beans, all dry (white and coloured)', 'Buckwheat', 'Canola (rapeseed)', 'Corn for grain', 'Corn for silage', 'Flaxseed', 'Mixed grains', 'Mustard seed', 'Oats', 'Peas, dry', 'Rye, all', 'Rye, fall remaining', 'Rye, spring', 'Soybeans', 'Sugar beets', 'Sunflower seed', 'Tame hay', 'Wheat, all']"
1973,MA,"['Barley', 'Buckwheat', 'Canola (rapeseed)', 'Corn for grain', 'Corn for silage', 'Flaxseed', 'Mixed grains', 'Mustard seed', 'Oats', 'Peas, dry', 'Rye, all', 'Rye, fall remaining', 'Rye, spring', 'Sugar beets', 'Sunflower seed', 'Tame hay', 'Wheat, all']"
1973,MP,"['Barley', 'Mixed grains', 'Oats', 'Tame hay', 'Wheat, all']"
1973,NB,"['Barley', 'Buckwheat', 'Corn for silage', 'Mixed grains', 'Oats', 'Tame hay', 'Wheat, all']"
1973,NS,"['Barley', 'Corn for silage', 'Mixed grains', 'Oats', 'Rye, all', 'Tame hay', 'Wheat, all']"
1973,ON,"['Barley', 'Beans, all dry (white and coloured)', 'Buckwheat', 'Corn for grain', 'Corn for silage', 'Flaxseed', 'Mixed grains', 'Oats', 'Peas, dry', 'Rye, all', 'Soybeans', 'Tame hay', 'Wheat, all', 'Wheat, spring', 'Wheat, winter remaining']"
1973,PEI,"['Barley', 'Corn for silage', 'Mixed grains', 'Oats', 'Tame hay', 'Wheat, all']"
1973,PP,"['Barley', 'Canola (rapeseed)', 'Corn for silage', 'Flaxseed', 'Mixed grains', 'Oats', 'Peas, dry', 'Rye, all', 'Sugar beets', 'Tame hay', 'Wheat, all']"
1973,QU,"['Barley', 'Beans, all dry (white and coloured)', 'Buckwheat', 'Corn for grain', 'Corn for silage', 'Flaxseed', 'Mixed grains', 'Oats', 'Peas, dry', 'Rye, all', 'Sugar beets', 'Tame hay', 'Wheat, all']"
1973,SK,"['Barley', 'Buckwheat', 'Canola (rapeseed)', 'Flaxseed', 'Mixed grains', 'Mustard seed', 'Oats', 'Peas, dry', 'Rye, all', 'Rye, fall remaining', 'Rye, spring', 'Sunflower seed', 'Tame hay', 'Wheat, all']"
1974,AB,"['Barley', 'Buckwheat', 'Canola (rapeseed)', 'Corn for silage', 'Flaxseed', 'Mixed grains', 'Mustard seed', 'Oats', 'Peas, dry', 'Rye, all', 'Rye, fall remaining', 'Rye, spring', 'Sugar beets', 'Sunflower seed', 'Tame hay', 'Wheat, all']"
1974,BC,"['Barley', 'Canola (rapeseed)', 'Corn for silage', 'Flaxseed', 'Mixed grains', 'Oats', 'Peas, dry', 'Rye, all', 'Tame hay', 'Wheat, all']"
1974,CA,"['Barley', 'Beans, all dry (white and coloured)', 'Buckwheat', 'Canola (rapeseed)', 'Corn for grain', 'Corn for silage', 'Flaxseed', 'Mixed grains', 'Mustard seed', 'Oats', 'Peas, dry', 'Rye, all', 'Rye, fall remaining', 'Rye, spring', 'Soybeans', 'Sugar beets', 'Sunflower seed', 'Tame hay', 'Wheat, all']"
1974,MA,"['Barley', 'Buckwheat', 'Canola (rapeseed)', 'Corn for grain', 'Corn for silage', 'Flaxseed', 'Mixed grains', 'Mustard seed', 'Oats', 'Peas, dry', 'Rye, all', 'Rye, fall remaining', 'Rye, spring', 'Sugar beets', 'Sunflower seed', 'Tame hay', 'Wheat, all']"
1974,MP,"['Barley', 'Mixed grains', 'Oats', 'Tame hay', 'Wheat, all']"
1974,NB,"['Barley', 'Buckwheat', 'Corn for silage', 'Mixed grains', 'Oats', 'Tame hay', 'Wheat, all']"
1974,NS,"['Barley', 'Corn for silage', 'Mixed grains', 'Oats', 'Rye, all', 'Tame hay', 'Wheat, all']"
1974,ON,"['Barley', 'Beans, all dry (white and coloured)', 'Buckwheat', 'Corn for grain', 'Corn for silage', 'Flaxseed', 'Mixed grains', 'Oats', 'Peas, dry', 'Rye, all', 'Soybeans', 'Tame hay', 'Wheat, all', 'Wheat, spring', 'Wheat, winter remaining']"
1974,PEI,"['Barley', 'Corn for silage', 'Mixed grains', 'Oats', 'Tame hay', 'Wheat, all']"
1974,PP,"['Barley', 'Canola (rapeseed)', 'Corn for silage', 'Flaxseed', 'Mixed grains', 'Oats', 'Peas, dry', 'Rye, all', 'Sugar beets', 'Tame hay', 'Wheat, all']"
1974,QU,"['Barley', 'Beans, all dry (white and coloured)', 'Buckwheat', 'Corn for grain', 'Corn for silage', 'Flaxseed', 'Mixed grains', 'Oats', 'Peas, dry', 'Rye, all', 'Sugar beets', 'Tame hay', 'Wheat, all']"
1974,SK,"['Barley', 'Buckwheat', 'Canola (rapeseed)', 'Flaxseed', 'Mixed grains', 'Mustard seed', 'Oats', 'Peas, dry', 'Rye, all', 'Rye, fall remaining', 'Rye, spring', 'Sunflower seed', 'Tame hay', 'Wheat, all']"
1975,AB,"['Barley', 'Buckwheat', 'Canola (rapeseed)', 'Corn for silage', 'Flaxseed', 'Mixed grains', 'Mustard seed', 'Oats', 'Peas, dry', 'Rye, all', 'Rye, fall remaining', 'Rye, spring', 'Sugar beets', 'Tame hay', 'Wheat, all']"
1975,BC,"['Barley', 'Canola (rapeseed)', 'Corn for silage', 'Flaxseed', 'Mixed grains', 'Oats', 'Peas, dry', 'Rye, all', 'Tame hay', 'Wheat, all']"
1975,CA,"['Barley', 'Beans, all dry (white and coloured)', 'Buckwheat', 'Canola (rapeseed)', 'Corn for grain', 'Corn for silage', 'Flaxseed', 'Mixed grains', 'Mustard seed', 'Oats', 'Peas, dry', 'Rye, all', 'Rye, fall remaining', 'Rye, spring', 'Soybeans', 'Sugar beets', 'Sunflower seed', 'Tame hay', 'Wheat, all']"
1975,MA,"['Barley', 'Buckwheat', 'Canola (rapeseed)', 'Corn for grain', 'Corn for silage', 'Flaxseed', 'Mixed grains', 'Mustard seed', 'Oats', 'Peas, dry', 'Rye, all', 'Rye, fall remaining', 'Rye, spring', 'Sugar beets', 'Sunflower seed', 'Tame hay', 'Wheat, all']"
1975,MP,"['Barley', 'Mixed grains', 'Oats', 'Tame hay', 'Wheat, all']"
1975,NB,"['Barley', 'Buckwheat', 'Corn for silage', 'Mixed grains', 'Oats', 'Tame hay', 'Wheat, all']"
1975,NS,"['Barley', 'Corn for silage', 'Mixed grains', 'Oats', 'Rye, all', 'Tame hay', 'Wheat, all']"
1975,ON,"['Barley', 'Beans, all dry (white and coloured)', 'Buckwheat', 'Corn for grain', 'Corn for silage', 'Flaxseed', 'Mixed grains', 'Oats', 'Peas, dry', 'Rye, all', 'Soybeans', 'Tame hay', 'Wheat, all', 'Wheat, spring', 'Wheat, winter remaining']"
1975,PEI,"['Barley', 'Corn for silage', 'Mixed grains', 'Oats', 'Tame hay', 'Wheat, all']"
1975,PP,"['Barley', 'Canola (rapeseed)', 'Corn for silage', 'Flaxseed', 'Mixed grains', 'Oats', 'Peas, dry', 'Rye, all', 'Sugar beets', 'Tame hay', 'Wheat, all']"
1975,QU,"['Barley', 'Buckwheat', 'Corn for grain', 'Corn for silage', 'Flaxseed', 'Mixed grains', 'Oats', 'Peas, dry', 'Rye, all', 'Sugar beets', 'Tame hay', 'Wheat, all']"
1975,SK,"['Barley', 'Buckwheat', 'Canola (rapeseed)', 'Flaxseed', 'Mixed grains', 'Mustard seed', 'Oats', 'Peas, dry', 'Rye, all', 'Rye, fall remaining', 'Rye, spring', 'Sunflower seed', 'Tame hay', 'Wheat, all']"
1976,AB,"['Barley', 'Buckwheat', 'Canola (rapeseed)', 'Corn for silage', 'Flaxseed', 'Mixed grains', 'Mustard seed', 'Oats', 'Peas, dry', 'Rye, all', 'Rye, fall remaining', 'Rye, spring', 'Sugar beets', 'Tame hay', 'Wheat, all']"
1976,BC,"['Barley', 'Canola (rapeseed)', 'Corn for silage', 'Flaxseed', 'Mixed grains', 'Oats', 'Peas, dry', 'Rye, all', 'Rye, fall remaining', 'Tame hay', 'Wheat, all']"
1976,CA,"['Barley', 'Beans, all dry (white and coloured)', 'Buckwheat', 'Canola (rapeseed)', 'Corn for grain', 'Corn for silage', 'Flaxseed', 'Mixed grains', 'Mustard seed', 'Oats', 'Peas, dry', 'Rye, all', 'Rye, fall remaining', 'Rye, spring', 'Soybeans', 'Sugar beets', 'Sunflower seed', 'Tame hay', 'Wheat, all']"
1976,MA,"['Barley', 'Buckwheat', 'Canola (rapeseed)', 'Corn for grain', 'Corn for silage', 'Flaxseed', 'Mixed grains', 'Mustard seed', 'Oats', 'Peas, dry', 'Rye, all', 'Rye, fall remaining', 'Rye, spring', 'Sugar beets', 'Sunflower seed', 'Tame hay', 'Wheat, all']"
1976,MP,"['Barley', 'Mixed grains', 'Oats', 'Tame hay', 'Wheat, all']"
1976,NB,"['Barley', 'Buckwheat', 'Corn for silage', 'Mixed grains', 'Oats', 'Tame hay', 'Wheat, all']"
1976,NS,"['Barley', 'Corn for silage', 'Mixed grains', 'Oats', 'Rye, all', 'Tame hay', 'Wheat, all']"
1976,ON,"['Barley', 'Beans, all dry (white and coloured)', 'Buckwheat', 'Corn for grain', 'Corn for silage', 'Flaxseed', 'Mixed grains', 'Oats', 'Peas, dry', 'Rye, all', 'Rye, fall remaining', 'Soybeans', 'Tame hay', 'Wheat, all', 'Wheat, spring', 'Wheat, winter remaining']"
1976,PEI,"['Barley', 'Corn for silage', 'Mixed grains', 'Oats', 'Tame hay', 'Wheat, all']"
1976,PP,"['Barley', 'Canola (rapeseed)', 'Corn for grain', 'Corn for silage', 'Flaxseed', 'Mixed grains', 'Oats', 'Peas, dry', 'Rye, all', 'Rye, fall remaining', 'Sugar beets', 'Tame hay', 'Wheat, all']"
1976,QU,"['Barley', 'Buckwheat', 'Corn for grain', 'Corn for silage', 'Flaxseed', 'Mixed grains', 'Oats', 'Peas, dry', 'Rye, all', 'Rye, fall remaining', 'Sugar beets', 'Tame hay', 'Wheat, all']"
1976,SK,"['Barley', 'Buckwheat', 'Canola (rapeseed)', 'Flaxseed', 'Mixed grains', 'Mustard seed', 'Oats', 'Peas, dry', 'Rye, all', 'Rye, fall remaining', 'Rye, spring', 'Sunflower seed', 'Tame hay', 'Wheat, all']"
1977,AB,"['Barley', 'Canola (rapeseed)', 'Corn for silage', 'Flaxseed', 'Mixed grains', 'Mustard seed', 'Oats', 'Peas, dry', 'Rye, all', 'Rye, fall remaining', 'Rye, spring', 'Sugar beets', 'Tame hay', 'Wheat, all']"
1977,BC,"['Barley', 'Canola (rapeseed)', 'Corn for silage', 'Mixed grains', 'Oats', 'Rye, all', 'Rye, fall remaining', 'Tame hay', 'Wheat, all']"
1977,CA,"['Barley', 'Beans, all dry (white and coloured)', 'Buckwheat', 'Canola (rapeseed)', 'Corn for grain', 'Corn for silage', 'Flaxseed', 'Mixed grains', 'Mustard seed', 'Oats', 'Peas, dry', 'Rye, all', 'Rye, fall remaining', 'Rye, spring', 'Soybeans', 'Sugar beets', 'Sunflower seed', 'Tame hay', 'Wheat, all']"
1977,MA,"['Barley', 'Buckwheat', 'Canola (rapeseed)', 'Corn for grain', 'Corn for silage', 'Flaxseed', 'Mixed grains', 'Mustard seed', 'Oats', 'Peas, dry', 'Rye, all', 'Rye, fall remaining', 'Rye, spring', 'Sugar beets', 'Sunflower seed', 'Tame hay', 'Wheat, all']"
1977,MP,"['Barley', 'Corn for silage', 'Mixed grains', 'Oats', 'Tame hay', 'Wheat, all']"
1977,NB,"['Barley', 'Corn for silage', 'Mixed grains', 'Oats', 'Tame hay', 'Wheat, all']"
1977,NS,"['Barley', 'Corn for silage', 'Mixed grains', 'Oats', 'Rye, all', 'Tame hay', 'Wheat, all']"
1977,ON,"['Barley', 'Beans, all dry (white and coloured)', 'Buckwheat', 'Corn for grain', 'Corn for silage', 'Mixed grains', 'Oats', 'Rye, all', 'Rye, fall remaining', 'Soybeans', 'Tame hay', 'Wheat, all', 'Wheat, spring', 'Wheat, winter remaining']"
1977,PEI,"['Barley', 'Corn for silage', 'Mixed grains', 'Oats', 'Tame hay', 'Wheat, all']"
1977,PP,"['Barley', 'Canola (rapeseed)', 'Corn for grain', 'Corn for silage', 'Flaxseed', 'Mixed grains', 'Oats', 'Peas, dry', 'Rye, all', 'Rye, fall remaining', 'Sugar beets', 'Tame hay', 'Wheat, all']"
1977,QU,"['Barley', 'Buckwheat', 'Corn for grain', 'Corn for silage', 'Mixed grains', 'Oats', 'Rye, all', 'Rye, fall remaining', 'Sugar beets', 'Tame hay', 'Wheat, all']"
1977,SK,"['Barley', 'Canola (rapeseed)', 'Flaxseed', 'Mixed grains', 'Mustard seed', 'Oats', 'Peas, dry', 'Rye, all', 'Rye, fall remaining', 'Rye, spring', 'Sunflower seed', 'Tame hay', 'Wheat, all']"
1978,AB,"['Barley', 'Canola (rapeseed)', 'Corn for silage', 'Flaxseed', 'Mixed grains', 'Mustard seed', 'Oats', 'Peas, dry', 'Rye, all', 'Rye, fall remaining', 'Rye, spring', 'Sugar beets', 'Tame hay', 'Wheat, all', 'Wheat, winter remaining']"
1978,BC,"['Barley', 'Canola (rapeseed)', 'Corn for silage', 'Mixed grains', 'Oats', 'Rye, all', 'Rye, fall remaining', 'Tame hay', 'Wheat, all']"
1978,CA,"['Barley', 'Beans, all dry (white and coloured)', 'Buckwheat', 'Canola (rapeseed)', 'Corn for grain', 'Corn for silage', 'Flaxseed', 'Mixed grains', 'Mustard seed', 'Oats', 'Peas, dry', 'Rye, all', 'Rye, fall remaining', 'Rye, spring', 'Soybeans', 'Sugar beets', 'Sunflower seed', 'Tame hay', 'Wheat, all', 'Wheat, winter remaining']"
1978,MA,"['Barley', 'Buckwheat', 'Canola (rapeseed)', 'Corn for grain', 'Corn for silage', 'Flaxseed', 'Mixed grains', 'Mustard seed', 'Oats', 'Peas, dry', 'Rye, all', 'Rye, fall remaining', 'Rye, spring', 'Sugar beets', 'Sunflower seed', 'Tame hay', 'Wheat, all']"
1978,MP,"['Barley', 'Corn for silage', 'Mixed grains', 'Oats', 'Tame hay', 'Wheat, all']"
1978,NB,"['Barley', 'Corn for silage', 'Mixed grains', 'Oats', 'Tame hay', 'Wheat, all']"
1978,NS,"['Barley', 'Corn for silage', 'Mixed grains', 'Oats', 'Rye, all', 'Tame hay', 'Wheat, all']"
1978,ON,"['Barley', 'Beans, all dry (white and coloured)', 'Buckwheat', 'Corn for grain', 'Corn for silage', 'Mixed grains', 'Oats', 'Rye, all', 'Rye, fall remaining', 'Soybeans', 'Tame hay', 'Wheat, all', 'Wheat, spring', 'Wheat, winter remaining']"
1978,PEI,"['Barley', 'Corn for silage', 'Mixed grains', 'Oats', 'Tame hay', 'Wheat, all']"
1978,PP,"['Barley', 'Canola (rapeseed)', 'Corn for grain', 'Corn for silage', 'Flaxseed', 'Mixed grains', 'Oats', 'Peas, dry', 'Rye, all', 'Rye, fall remaining', 'Sugar beets', 'Tame hay', 'Wheat, all', 'Wheat, winter remaining']"
1978,QU,"['Barley', 'Buckwheat', 'Corn for grain', 'Corn for silage', 'Mixed grains', 'Oats', 'Rye, all', 'Rye, fall remaining', 'Sugar beets', 'Tame hay', 'Wheat, all']"
1978,SK,"['Barley', 'Canola (rapeseed)', 'Flaxseed', 'Mixed grains', 'Mustard seed', 'Oats', 'Peas, dry', 'Rye, all', 'Rye, fall remaining', 'Rye, spring', 'Sunflower seed', 'Tame hay', 'Wheat, all']"
1979,AB,"['Barley', 'Canola (rapeseed)', 'Corn for grain', 'Corn for silage', 'Flaxseed', 'Mixed grains', 'Mustard seed', 'Oats', 'Peas, dry', 'Rye, all', 'Rye, fall remaining', 'Rye, spring', 'Sugar beets', 'Tame hay', 'Wheat, all', 'Wheat, durum', 'Wheat, spring', 'Wheat, winter remaining']"
1979,BC,"['Barley', 'Canola (rapeseed)', 'Corn for silage', 'Mixed grains', 'Oats', 'Rye, all', 'Rye, fall remaining', 'Tame hay', 'Wheat, all', 'Wheat, spring']"
1979,CA,"['Barley', 'Beans, all dry (white and coloured)', 'Buckwheat', 'Canola (rapeseed)', 'Corn for grain', 'Corn for silage', 'Flaxseed', 'Mixed grains', 'Mustard seed', 'Oats', 'Peas, dry', 'Rye, all', 'Rye, fall remaining', 'Rye, spring', 'Soybeans', 'Sugar beets', 'Sunflower seed', 'Tame hay', 'Wheat, all', 'Wheat, spring', 'Wheat, winter remaining']"
1979,MA,"['Barley', 'Buckwheat', 'Canola (rapeseed)', 'Corn for grain', 'Corn for silage', 'Flaxseed', 'Mixed grains', 'Mustard seed', 'Oats', 'Peas, dry', 'Rye, all', 'Rye, fall remaining', 'Rye, spring', 'Sugar beets', 'Sunflower seed', 'Tame hay', 'Wheat, all', 'Wheat, durum', 'Wheat, spring']"
1979,MP,"['Barley', 'Corn for silage', 'Mixed grains', 'Oats', 'Tame hay', 'Wheat, all', 'Wheat, spring']"
1979,NB,"['Barley', 'Corn for silage', 'Mixed grains', 'Oats', 'Tame hay', 'Wheat, all', 'Wheat, spring']"
1979,NS,"['Barley', 'Corn for silage', 'Mixed grains', 'Oats', 'Rye, all', 'Tame hay', 'Wheat, all', 'Wheat, spring']"
1979,ON,"['Barley', 'Beans, all dry (white and coloured)', 'Corn for grain', 'Corn for silage', 'Mixed grains', 'Oats', 'Rye, all', 'Rye, fall remaining', 'Soybeans', 'Tame hay', 'Wheat, all', 'Wheat, spring', 'Wheat, winter remaining']"
1979,PEI,"['Barley', 'Corn for silage', 'Mixed grains', 'Oats', 'Tame hay', 'Wheat, all', 'Wheat, spring']"
1979,PP,"['Barley', 'Canola (rapeseed)', 'Corn for grain', 'Corn for silage', 'Flaxseed', 'Mixed grains', 'Oats', 'Peas, dry', 'Rye, all', 'Rye, fall remaining', 'Sugar beets', 'Tame hay', 'Wheat, all', 'Wheat, durum', 'Wheat, spring', 'Wheat, winter remaining']"
1979,QU,"['Barley', 'Buckwheat', 'Corn for grain', 'Corn for silage', 'Mixed grains', 'Oats', 'Rye, all', 'Rye, fall remaining', 'Sugar beets', 'Tame hay', 'Wheat, all', 'Wheat, spring']"
1979,SK,"['Barley', 'Canola (rapeseed)', 'Flaxseed', 'Mixed grains', 'Mustard seed', 'Oats', 'Peas, dry', 'Rye, all', 'Rye, fall remaining', 'Rye, spring', 'Sunflower seed', 'Tame hay', 'Wheat, all', 'Wheat, durum', 'Wheat, spring']"
1980,AB,"['Barley', 'Canola (rapeseed)', 'Corn for grain', 'Corn for silage', 'Flaxseed', 'Mixed grains', 'Mustard seed', 'Oats', 'Peas, dry', 'Rye, all', 'Rye, fall remaining', 'Rye, spring', 'Sugar beets', 'Tame hay', 'Wheat, all', 'Wheat, durum', 'Wheat, spring', 'Wheat, winter remaining']"
1980,BC,"['Barley', 'Canola (rapeseed)', 'Corn for silage', 'Mixed grains', 'Oats', 'Rye, all', 'Rye, fall remaining', 'Tame hay', 'Wheat, all', 'Wheat, spring']"
1980,CA,"['Barley', 'Beans, all dry (white and coloured)', 'Buckwheat', 'Canola (rapeseed)', 'Corn for grain', 'Corn for silage', 'Flaxseed', 'Mixed grains', 'Mustard seed', 'Oats', 'Peas, dry', 'Rye, all', 'Rye, fall remaining', 'Rye, spring', 'Soybeans', 'Sugar beets', 'Sunflower seed', 'Tame hay', 'Wheat, all', 'Wheat, spring', 'Wheat, winter remaining']"
1980,MA,"['Barley', 'Buckwheat', 'Canola (rapeseed)', 'Corn for grain', 'Corn for silage', 'Flaxseed', 'Mixed grains', 'Mustard seed', 'Oats', 'Peas, dry', 'Rye, all', 'Rye, fall remaining', 'Rye, spring', 'Sugar beets', 'Sunflower seed', 'Tame hay', 'Wheat, all', 'Wheat, durum', 'Wheat, spring']"
1980,MP,"['Barley', 'Corn for silage', 'Mixed grains', 'Oats', 'Tame hay', 'Wheat, all', 'Wheat, spring']"
1980,NB,"['Barley', 'Corn for silage', 'Mixed grains', 'Oats', 'Tame hay', 'Wheat, all', 'Wheat, spring']"
1980,NS,"['Barley', 'Corn for silage', 'Mixed grains', 'Oats', 'Rye, all', 'Tame hay', 'Wheat, all', 'Wheat, spring']"
1980,ON,"['Barley', 'Beans, all dry (white and coloured)', 'Corn for grain', 'Corn for silage', 'Mixed grains', 'Oats', 'Rye, all', 'Rye, fall remaining', 'Soybeans', 'Tame hay', 'Wheat, all', 'Wheat, spring', 'Wheat, winter remaining']"
1980,PEI,"['Barley', 'Corn for silage', 'Mixed grains', 'Oats', 'Tame hay', 'Wheat, all', 'Wheat, spring']"
1980,PP,"['Barley', 'Canola (rapeseed)', 'Corn for grain', 'Corn for silage', 'Flaxseed', 'Mixed grains', 'Oats', 'Peas, dry', 'Rye, all', 'Rye, fall remaining', 'Sugar beets', 'Tame hay', 'Wheat, all', 'Wheat, durum', 'Wheat, spring', 'Wheat, winter remaining']"
1980,QU,"['Barley', 'Buckwheat', 'Corn for grain', 'Corn for silage', 'Mixed grains', 'Oats', 'Rye, all', 'Rye, fall remaining', 'Sugar beets', 'Tame hay', 'Wheat, all', 'Wheat, spring']"
1980,SK,"['Barley', 'Canola (rapeseed)', 'Flaxseed', 'Mixed grains', 'Mustard seed', 'Oats', 'Peas, dry', 'Rye, all', 'Rye, fall remaining', 'Rye, spring', 'Sunflower seed', 'Tame hay', 'Wheat, all', 'Wheat, durum', 'Wheat, spring']"
1981,AB,"['Barley', 'Canola (rapeseed)', 'Corn for grain', 'Corn for silage', 'Flaxseed', 'Lentils', 'Mixed grains', 'Mustard seed', 'Oats', 'Peas, dry', 'Rye, all', 'Rye, fall remaining', 'Rye, spring', 'Sugar beets', 'Tame hay', 'Wheat, all', 'Wheat, durum', 'Wheat, spring', 'Wheat, winter remaining']"
1981,BC,"['Barley', 'Canola (rapeseed)', 'Corn for silage', 'Mixed grains', 'Oats', 'Rye, all', 'Rye, fall remaining', 'Tame hay', 'Wheat, all', 'Wheat, spring']"
1981,CA,"['Barley', 'Beans, all dry (white and coloured)', 'Buckwheat', 'Canola (rapeseed)', 'Corn for grain', 'Corn for silage', 'Flaxseed', 'Lentils', 'Mixed grains', 'Mustard seed', 'Oats', 'Peas, dry', 'Rye, all', 'Rye, fall remaining', 'Rye, spring', 'Soybeans', 'Sugar beets', 'Sunflower seed', 'Tame hay', 'Wheat, all', 'Wheat, spring', 'Wheat, winter remaining']"
1981,MA,"['Barley', 'Buckwheat', 'Canola (rapeseed)', 'Corn for grain', 'Corn for silage', 'Flaxseed', 'Lentils', 'Mixed grains', 'Mustard seed', 'Oats', 'Peas, dry', 'Rye, all', 'Rye, fall remaining', 'Rye, spring', 'Sugar beets', 'Sunflower seed', 'Tame hay', 'Wheat, all', 'Wheat, durum', 'Wheat, spring', 'Wheat, winter remaining']"
1981,MP,"['Barley', 'Corn for silage', 'Mixed grains', 'Oats', 'Rye, all', 'Rye, fall remaining', 'Tame hay', 'Wheat, all', 'Wheat, spring']"
1981,NB,"['Barley', 'Corn for silage', 'Mixed grains', 'Oats', 'Tame hay', 'Wheat, all', 'Wheat, spring']"
1981,NS,"['Barley', 'Corn for silage', 'Mixed grains', 'Oats', 'Rye, all', 'Rye, fall remaining', 'Tame hay', 'Wheat, all', 'Wheat, spring']"
1981,ON,"['Barley', 'Beans, all dry (white and coloured)', 'Corn for grain', 'Corn for silage', 'Mixed grains', 'Oats', 'Rye, all', 'Rye, fall remaining', 'Soybeans', 'Tame hay', 'Wheat, all', 'Wheat, spring', 'Wheat, winter remaining']"
1981,PEI,"['Barley', 'Corn for silage', 'Mixed grains', 'Oats', 'Tame hay', 'Wheat, all', 'Wheat, spring']"
1981,PP,"['Barley', 'Canola (rapeseed)', 'Corn for grain', 'Corn for silage', 'Flaxseed', 'Mixed grains', 'Oats', 'Peas, dry', 'Rye, all', 'Rye, fall remaining', 'Sugar beets', 'Tame hay', 'Wheat, all', 'Wheat, durum', 'Wheat, spring', 'Wheat, winter remaining']"
1981,QU,"['Barley', 'Buckwheat', 'Corn for grain', 'Corn for silage', 'Mixed grains', 'Oats', 'Rye, all', 'Rye, fall remaining', 'Sugar beets', 'Tame hay', 'Wheat, all', 'Wheat, spring']"
1981,SK,"['Barley', 'Canola (rapeseed)', 'Flaxseed', 'Lentils', 'Mixed grains', 'Mustard seed', 'Oats', 'Peas, dry', 'Rye, all', 'Rye, fall remaining', 'Rye, spring', 'Sunflower seed', 'Tame hay', 'Wheat, all', 'Wheat, durum', 'Wheat, spring', 'Wheat, winter remaining']"
1982,AB,"['Barley', 'Canola (rapeseed)', 'Corn for grain', 'Corn for silage', 'Flaxseed', 'Lentils', 'Mixed grains', 'Mustard seed', 'Oats', 'Peas, dry', 'Rye, all', 'Rye, fall remaining', 'Rye, spring', 'Sugar beets', 'Tame hay', 'Wheat, all', 'Wheat, durum', 'Wheat, spring', 'Wheat, winter remaining']"
1982,BC,"['Barley', 'Canola (rapeseed)', 'Corn for silage', 'Mixed grains', 'Oats', 'Rye, all', 'Rye, fall remaining', 'Tame hay', 'Wheat, all', 'Wheat, spring']"
1982,CA,"['Barley', 'Beans, all dry (white and coloured)', 'Buckwheat', 'Canola (rapeseed)', 'Corn for grain', 'Corn for silage', 'Flaxseed', 'Lentils', 'Mixed grains', 'Mustard seed', 'Oats', 'Peas, dry', 'Rye, all', 'Rye, fall remaining', 'Rye, spring', 'Soybeans', 'Sugar beets', 'Sunflower seed', 'Tame hay', 'Wheat, all', 'Wheat, spring', 'Wheat, winter remaining']"
1982,MA,"['Barley', 'Buckwheat', 'Canola (rapeseed)', 'Corn for grain', 'Corn for silage', 'Flaxseed', 'Lentils', 'Mixed grains', 'Mustard seed', 'Oats', 'Peas, dry', 'Rye, all', 'Rye, fall remaining', 'Rye, spring', 'Sugar beets', 'Sunflower seed', 'Tame hay', 'Wheat, all', 'Wheat, durum', 'Wheat, spring', 'Wheat, winter remaining']"
1982,MP,"['Barley', 'Corn for silage', 'Mixed grains', 'Oats', 'Rye, all', 'Rye, fall remaining', 'Tame hay', 'Wheat, all', 'Wheat, spring']"
1982,NB,"['Barley', 'Corn for silage', 'Mixed grains', 'Oats', 'Tame hay', 'Wheat, all', 'Wheat, spring']"
1982,NS,"['Barley', 'Corn for silage', 'Mixed grains', 'Oats', 'Rye, all', 'Rye, fall remaining', 'Tame hay', 'Wheat, all', 'Wheat, spring']"
1982,ON,"['Barley', 'Beans, all dry (white and coloured)', 'Corn for grain', 'Corn for silage', 'Mixed grains', 'Oats', 'Rye, all', 'Rye, fall remaining', 'Soybeans', 'Tame hay', 'Wheat, all', 'Wheat, spring', 'Wheat, winter remaining']"
1982,PEI,"['Barley', 'Corn for silage', 'Mixed grains', 'Oats', 'Tame hay', 'Wheat, all', 'Wheat, spring']"
1982,PP,"['Barley', 'Canola (rapeseed)', 'Corn for grain', 'Corn for silage', 'Flaxseed', 'Mixed grains', 'Oats', 'Peas, dry', 'Rye, all', 'Rye, fall remaining', 'Sugar beets', 'Tame hay', 'Wheat, all', 'Wheat, durum', 'Wheat, spring', 'Wheat, winter remaining']"
1982,QU,"['Barley', 'Buckwheat', 'Corn for grain', 'Corn for silage', 'Mixed grains', 'Oats', 'Rye, all', 'Rye, fall remaining', 'Sugar beets', 'Tame hay', 'Wheat, all', 'Wheat, spring']"
1982,SK,"['Barley', 'Canola (rapeseed)', 'Flaxseed', 'Lentils', 'Mixed grains', 'Mustard seed', 'Oats', 'Peas, dry', 'Rye, all', 'Rye, fall remaining', 'Rye, spring', 'Sunflower seed', 'Tame hay', 'Wheat, all', 'Wheat, durum', 'Wheat, spring', 'Wheat, winter remaining']"
1983,AB,"['Barley', 'Canola (rapeseed)', 'Corn for grain', 'Corn for silage', 'Flaxseed', 'Lentils', 'Mixed grains', 'Mustard seed', 'Oats', 'Peas, dry', 'Rye, all', 'Rye, fall remaining', 'Rye, spring', 'Sugar beets', 'Tame hay', 'Wheat, all', 'Wheat, durum', 'Wheat, spring', 'Wheat, winter remaining']"
1983,BC,"['Barley', 'Canola (rapeseed)', 'Corn for silage', 'Mixed grains', 'Oats', 'Rye, all', 'Rye, fall remaining', 'Tame hay', 'Wheat, all', 'Wheat, spring']"
1983,CA,"['Barley', 'Beans, all dry (white and coloured)', 'Buckwheat', 'Canola (rapeseed)', 'Corn for grain', 'Corn for silage', 'Flaxseed', 'Lentils', 'Mixed grains', 'Mustard seed', 'Oats', 'Peas, dry', 'Rye, all', 'Rye, fall remaining', 'Rye, spring', 'Soybeans', 'Sugar beets', 'Sunflower seed', 'Tame hay', 'Wheat, all', 'Wheat, spring', 'Wheat, winter remaining']"
1983,MA,"['Barley', 'Buckwheat', 'Canola (rapeseed)', 'Corn for grain', 'Corn for silage', 'Flaxseed', 'Lentils', 'Mixed grains', 'Mustard seed', 'Oats', 'Peas, dry', 'Rye, all', 'Rye, fall remaining', 'Rye, spring', 'Sugar beets', 'Sunflower seed', 'Tame hay', 'Wheat, all', 'Wheat, durum', 'Wheat, spring', 'Wheat, winter remaining']"
1983,MP,"['Barley', 'Corn for grain', 'Corn for silage', 'Mixed grains', 'Oats', 'Rye, all', 'Rye, fall remaining', 'Tame hay', 'Wheat, all', 'Wheat, spring']"
1983,NB,"['Barley', 'Corn for silage', 'Mixed grains', 'Oats', 'Tame hay', 'Wheat, all', 'Wheat, spring']"
1983,NL,['Tame hay']
1983,NS,"['Barley', 'Corn for grain', 'Corn for silage', 'Mixed grains', 'Oats', 'Rye, all', 'Rye, fall remaining', 'Tame hay', 'Wheat, all', 'Wheat, spring']"
1983,ON,"['Barley', 'Beans, all dry (white and coloured)', 'Canola (rapeseed)', 'Corn for grain', 'Corn for silage', 'Mixed grains', 'Oats', 'Rye, all', 'Rye, fall remaining', 'Soybeans', 'Tame hay', 'Wheat, all', 'Wheat, spring', 'Wheat, winter remaining']"
1983,PEI,"['Barley', 'Corn for silage', 'Mixed grains', 'Oats', 'Tame hay', 'Wheat, all', 'Wheat, spring']"
1983,PP,"['Barley', 'Canola (rapeseed)', 'Corn for grain', 'Corn for silage', 'Flaxseed', 'Mixed grains', 'Oats', 'Peas, dry', 'Rye, all', 'Rye, fall remaining', 'Sugar beets', 'Tame hay', 'Wheat, all', 'Wheat, durum', 'Wheat, spring', 'Wheat, winter remaining']"
1983,QU,"['Barley', 'Buckwheat', 'Corn for grain', 'Corn for silage', 'Mixed grains', 'Oats', 'Rye, all', 'Rye, fall remaining', 'Sugar beets', 'Tame hay', 'Wheat, all', 'Wheat, spring']"
1983,SK,"['Barley', 'Canola (rapeseed)', 'Flaxseed', 'Lentils', 'Mixed grains', 'Mustard seed', 'Oats', 'Peas, dry', 'Rye, all', 'Rye, fall remaining', 'Rye, spring', 'Sunflower seed', 'Tame hay', 'Wheat, all', 'Wheat, durum', 'Wheat, spring', 'Wheat, winter remaining']"
1984,AB,"['Barley', 'Canola (rapeseed)', 'Corn for grain', 'Corn for silage', 'Flaxseed', 'Lentils', 'Mixed grains', 'Mustard seed', 'Oats', 'Peas, dry', 'Rye, all', 'Rye, fall remaining', 'Rye, spring', 'Sugar beets', 'Tame hay', 'Wheat, all', 'Wheat, durum', 'Wheat, spring', 'Wheat, winter remaining']"
1984,BC,"['Barley', 'Canola (rapeseed)', 'Corn for silage', 'Mixed grains', 'Oats', 'Rye, all', 'Rye, fall remaining', 'Tame hay', 'Wheat, all', 'Wheat, spring']"
1984,CA,"['Barley', 'Beans, all dry (white and coloured)', 'Buckwheat', 'Canola (rapeseed)', 'Corn for grain', 'Corn for silage', 'Flaxseed', 'Lentils', 'Mixed grains', 'Mustard seed', 'Oats', 'Peas, dry', 'Rye, all', 'Rye, fall remaining', 'Rye, spring', 'Soybeans', 'Sugar beets', 'Sunflower seed', 'Tame hay', 'Wheat, all', 'Wheat, spring', 'Wheat, winter remaining']"
1984,MA,"['Barley', 'Buckwheat', 'Canola (rapeseed)', 'Corn for grain', 'Corn for silage', 'Flaxseed', 'Lentils', 'Mixed grains', 'Mustard seed', 'Oats', 'Peas, dry', 'Rye, all', 'Rye, fall remaining', 'Rye, spring', 'Sugar beets', 'Sunflower seed', 'Tame hay', 'Wheat, all', 'Wheat, durum', 'Wheat, spring', 'Wheat, winter remaining']"
1984,MP,"['Barley', 'Corn for grain', 'Corn for silage', 'Mixed grains', 'Oats', 'Rye, all', 'Rye, fall remaining', 'Tame hay', 'Wheat, all', 'Wheat, spring']"
1984,NB,"['Barley', 'Corn for silage', 'Mixed grains', 'Oats', 'Tame hay', 'Wheat, all', 'Wheat, spring']"
1984,NL,['Tame hay']
1984,NS,"['Barley', 'Corn for grain', 'Corn for silage', 'Mixed grains', 'Oats', 'Rye, all', 'Rye, fall remaining', 'Tame hay', 'Wheat, all', 'Wheat, spring']"
1984,ON,"['Barley', 'Beans, all dry (white and coloured)', 'Canola (rapeseed)', 'Corn for grain', 'Corn for silage', 'Mixed grains', 'Oats', 'Rye, all', 'Rye, fall remaining', 'Soybeans', 'Tame hay', 'Wheat, all', 'Wheat, spring', 'Wheat, winter remaining']"
1984,PEI,"['Barley', 'Corn for silage', 'Mixed grains', 'Oats', 'Tame hay', 'Wheat, all', 'Wheat, spring']"
1984,PP,"['Barley', 'Canola (rapeseed)', 'Corn for grain', 'Corn for silage', 'Flaxseed', 'Mixed grains', 'Oats', 'Peas, dry', 'Rye, all', 'Rye, fall remaining', 'Sugar beets', 'Tame hay', 'Wheat, all', 'Wheat, durum', 'Wheat, spring', 'Wheat, winter remaining']"
1984,QU,"['Barley', 'Buckwheat', 'Corn for grain', 'Corn for silage', 'Mixed grains', 'Oats', 'Rye, all', 'Rye, fall remaining', 'Sugar beets', 'Tame hay', 'Wheat, all', 'Wheat, spring']"
1984,SK,"['Barley', 'Canola (rapeseed)', 'Flaxseed', 'Lentils', 'Mixed grains', 'Mustard seed', 'Oats', 'Peas, dry', 'Rye, all', 'Rye, fall remaining', 'Rye, spring', 'Sunflower seed', 'Tame hay', 'Wheat, all', 'Wheat, durum', 'Wheat, spring', 'Wheat, winter remaining']"
